id;source;name;phone;has_website;website_url;yandex_url;rating;reviews_count;address;target_result
317cdd3a-895f-4669-b1db-44d739d17168;yandex;Shu_studio_;+7 (966) 095-94-93;0;;https://yandex.ru/maps/org/shu_studio_/14022094472/;5,0;206;1-й Обыденский пер., 14, Москва;
a91bb615-8d98-4fa3-ae07-9bc0b6f0521c;yandex;Бьюти корт;+7 (495) 766-16-29;0;;https://yandex.ru/maps/org/byuti_kort/210380269273/;4,9;115;ул. Маросейка, 9/13/2с7, Москва;
b6339f19-f949-40c0-8152-9052d1ed5b56;yandex;Be My Guest;+7 (966) 328-56-08;0;;https://yandex.ru/maps/org/be_my_guest/1294694218/;4,6;99;Тверская ул., 12, стр. 9, Москва;
d3886ead-d117-470d-abe0-1b04ad75ce9f;yandex;Эдельвейс;+7 (499) 990-82-83;0;;https://yandex.ru/maps/org/edelveys/173327971739/;4,8;209;Олимпийский просп., 24, Москва;
9ede9a5f-c3a0-4eab-9d7e-6f5eb96d2631;yandex;Грандлаб;+7 (929) 526-74-33;0;;https://yandex.ru/maps/org/grandlab/70133702711/;5,0;329;Архангельский пер., 13, Москва;
6017f481-ed0f-4591-a14b-ec8e9b44f565;yandex;Chic & Charme;+7 (926) 170-38-88;0;;https://yandex.ru/maps/org/chic_charme/75298158009/;4,8;593;ул. Пресненский Вал, 3, Москва;
e50e3f09-d771-4f44-a4ab-ab3a63a5b0d9;yandex;Malinari;+7 (499) 176-00-84;0;;https://yandex.ru/maps/org/malinari/1031685601/;4,7;328;ул. Цюрупы, 28А, Москва;
0b6b7764-6954-49e4-bc1b-120da07f2cf4;yandex;Vibe-salon;+7 (985) 887-69-75;0;;https://yandex.ru/maps/org/vibe_salon/219905669645/;5,0;107;Большая Юшуньская ул., 1А, корп. 1, Москва;
b75b1d61-77a3-402e-8cbe-0b0c6b1aa821;yandex;Nail&Rich Beauty;+7 (995) 629-77-70;0;;https://yandex.ru/maps/org/nail_rich_beauty/42624784357/;5,0;443;ул. Крыленко, 1, корп. 1, Санкт-Петербург;
2a173319-5a6f-4c7a-beb1-35a84e004470;yandex;Ам Студия Красоты;+7 (999) 527-59-79;0;;https://yandex.ru/maps/org/am_studiya_krasoty/56089119531/;5,0;53;Армянский пер., 9, Всеволожск;
b61d3633-7f8b-4312-baef-a18dcc75101d;yandex;ЛанСет;+7 (981) 798-36-26;0;;https://yandex.ru/maps/org/lanset/1250663619/;4,9;219;Курская ул., 13/193, Санкт-Петербург;
fe04b76e-19db-41bc-8e4c-33d2974113fb;yandex;Лира;+7 (812) 980-05-72;0;;https://yandex.ru/maps/org/lira/1094226832/;5,0;761;Новоизмайловский просп., 28, корп. 2, Санкт-Петербург;
e6994f97-39bc-4d46-8c54-c22cea541abf;yandex;The Color;+7 (911) 131-23-33;0;;https://yandex.ru/maps/org/the_color/112868170290/;4,9;161;ул. Катерников, 5, корп. 2, Санкт-Петербург;
8f2b901a-2fae-41c2-95ed-d3099182811a;yandex;Volkswagen центр, Максимум;+7 (812) 701-09-66;0;;https://yandex.ru/maps/org/volkswagen_tsentr_maksimum/1054937656/;4,6;2123;Рыбинская ул., 1, лит.З, Санкт-Петербург;
b25420dc-a51b-46c7-bd0c-df76bc18c39b;yandex;G5;+7 (953) 160-67-18;0;;https://yandex.ru/maps/org/g5/18788148257/;5,0;201;Таллинское ш., 83А, Санкт-Петербург;
e80f18f2-af7b-4c7e-a146-00937fe064ce;yandex;Автосервис Шушары;+7 (905) 212-01-22;0;;https://yandex.ru/maps/org/avtoservis_shushary/134236297476/;4,9;558;Санкт-Петербург, Пушкинский район, посёлок Шушары;
0fcb2b98-94cd-4005-85ef-fa0c752ebff7;yandex;Коммик;+7 (812) 235-02-35;0;;https://yandex.ru/maps/org/kommik/1350613878/;4,4;217;Петровская коса, 1Р, Санкт-Петербург;
9263281f-c3dc-4e30-8a72-84b8347d6971;yandex;Автосервис;+7 (918) 530-88-00;0;;https://yandex.ru/maps/org/avtoservis/125151108539/;5,0;55;Курская ул., 4, стр. 64, Ростов-на-Дону;
cd5500af-842f-4ade-88ba-2a1c2fd4878d;yandex;Формула ТО;+7 (989) 525-03-93;0;;https://yandex.ru/maps/org/formula_to/114707283938/;4,3;125;Тоннельная ул., 2Б, Ростов-на-Дону;
266ecdb3-70ac-4ccf-a6ad-6e20c87b20b8;yandex;ИП Микицей Д. А;+7 (928) 188-96-96;0;;https://yandex.ru/maps/org/ip_mikitsey_d_a/128649561996/;5,0;120;Курская ул., 10, Ростов-на-Дону;
60bae035-5659-433d-aa80-d621711a5dc8;yandex;МастерГаз;+7 (938) 147-05-90;0;;https://yandex.ru/maps/org/mastergaz/1623032286/;5,0;696;Ростов-на-Дону, СНТ За дружбу, 88;
3126e752-43f7-4da1-8894-d431f9a1dcda;yandex;Ama161;+7 (960) 452-66-66;0;;https://yandex.ru/maps/org/ama161/204375606198/;4,5;177;Таганрогская ул., 63, Ростов-на-Дону;
0c6951e1-3ff9-4324-b2dc-d124bb92faa5;yandex;Sun & Moon Beauty Studio;+7 (960) 451-95-62;0;;https://yandex.ru/maps/org/sun_moon_beauty_studio/206600000991/;4,9;68;ул. Шеболдаева, 4/4, Ростов-на-Дону;
536cca9a-e0a1-41dc-bffa-1944804a1c55;yandex;Сильно Красиво;+7 (938) 162-16-29;0;;https://yandex.ru/maps/org/silno_krasivo/13069115626/;5,0;561;ул. Текучёва, 121, Ростов-на-Дону;
a808206d-7919-4ba4-b4d8-1da34e116e87;yandex;Лорейн;+7 (928) 279-31-61;0;;https://yandex.ru/maps/org/loreyn/69072226668/;5,0;507;Таганрогская ул., 114Е, Ростов-на-Дону;
06275dd5-2e7e-4775-8836-f4488490e686;yandex;LiLi;+7 (999) 696-58-28;0;;https://yandex.ru/maps/org/lili/192216862151/;4,8;112;просп. Ленина, 61, Ростов-на-Дону;
f4b94466-9ed3-45dd-ab72-d05330387ed9;yandex;Нинель;+7 (989) 613-54-82;0;;https://yandex.ru/maps/org/ninel/242118029981/;4,9;322;бул. Комарова, 30/2с2, микрорайон Северный, Ростов-на-Дону;
1bf25c17-b83a-41e4-8b01-a991478e5dd8;yandex;Бьютишоп;+7 (863) 292-42-81;0;;https://yandex.ru/maps/org/byutishop/1205137112/;5,0;94;ул. Ларина, 28, Ростов-на-Дону;
f41a39b7-0a31-453f-a5d1-0148eceb4c99;yandex;Модная Цирюльня;+7 (988) 579-58-69;0;;https://yandex.ru/maps/org/modnaya_tsiryulnya/83553741880/;4,8;175;просп. Ленина, 62, Ростов-на-Дону;
e56a14e1-cfd2-4a42-9ff0-81266f4e7be2;yandex;Натуре бай мазери;+7 (918) 543-30-34;0;;https://yandex.ru/maps/org/nature_bay_mazeri/123499258353/;5,0;330;ул. Шеболдаева, 95, стр. 1, Ростов-на-Дону;
3b28d42f-5a1a-476d-8588-3a19659b51e8;yandex;Мирум;+7 (919) 878-04-11;0;;https://yandex.ru/maps/org/mirum/20022557196/;5,0;112;ул. Ткачёва, 25, Ростов-на-Дону;
d7f29e28-026b-4fdc-be62-11b744e71ef9;yandex;MaVie;+7 (900) 122-32-42;0;;https://yandex.ru/maps/org/mavie/242865069392/;4,9;82;Таганрогская ул., 122, Ростов-на-Дону;
0d5517ce-728e-4c43-8291-4edf40975f1a;yandex;Релакс;+7 (928) 103-82-36;0;;https://yandex.ru/maps/org/relaks/120946163961/;5,0;89;ул. Платона Кляты, 5, Ростов-на-Дону;
23a14b09-5fc9-4287-afb0-591599ff8a4d;yandex;Атмосфера красоты;+7 (950) 863-63-03;0;;https://yandex.ru/maps/org/atmosfera_krasoty/109799476382/;5,0;94;ул. Шеболдаева, 95, стр. 1, Ростов-на-Дону;
5affd858-da14-4a6b-acb0-f474f2dd2399;yandex;Энигма;+7 (951) 506-39-34;0;;https://yandex.ru/maps/org/enigma/1186064011/;4,4;152;просп. Ленина, 19, Ростов-на-Дону;
62b168a3-b2f2-4233-81f4-9ce16aa2118b;yandex;BMW Garage;+7 (928) 928-17-45;0;;https://yandex.ru/maps/org/bmw_garage/1147691707/;4,4;99;ул. Левченко, 201А, Владикавказ;
d3956706-6216-464e-a08f-bdf4f47c4fc6;yandex;Chibamotors;+7 (8672) 20-20-21;0;;https://yandex.ru/maps/org/chibamotors/49889183675/;4,5;178;ул. Валерия Чкалова, 1, Владикавказ;
24ca167d-4e23-42c7-a8cb-c68f743da2d7;yandex;Расточка тормозных дисков;+7 (918) 830-32-95;0;;https://yandex.ru/maps/org/rastochka_tormoznykh_diskov/90558658626/;4,1;38;просп. Доватора, 164, Владикавказ;
3587dc0f-7ac4-4730-b440-837a20793266;yandex;Hyundai Иравто;+7 (8672) 28-94-40;0;;https://yandex.ru/maps/org/hyundai_iravto/36213721275/;4,4;524;Московское ш., 2, Владикавказ;
4768388d-0030-47d9-8d33-867c935d39b7;yandex;Автомастерская у дяди Юры;+7 (918) 828-48-88;0;;https://yandex.ru/maps/org/avtomasterskaya_u_dyadi_yury/163785066348/;4,9;32;Весенняя ул., 21Б, Владикавказ;
f4ef5229-2c20-4f51-bf6b-086559f36c5b;yandex;Вегас;+7 (999) 245-49-43;0;;https://yandex.ru/maps/org/vegas/242267919665/;4,6;122;Республика Северная Осетия — Алания, Владикавказ, улица Хадарцева;
378c9556-df15-4ef4-81c8-cf4e9f597a20;yandex;Владикавказский таксомоторный парк;+7 (8672) 76-44-44;0;;https://yandex.ru/maps/org/vladikavkazskiy_taksomotorny_park/1082999607/;4,2;89;Гвардейская ул., 2, Владикавказ;
16286e80-35be-4564-b877-49f264ec09ac;yandex;Авто Плюс;+7 (8672) 96-00-36;0;;https://yandex.ru/maps/org/avto_plyus/49834118288/;4,7;110;Гвардейская ул., 25А, Владикавказ;
1f4b79f1-d3e9-4922-8fd4-afd361497cc2;yandex;Favorite;+7 (989) 746-66-99;0;;https://yandex.ru/maps/org/favorite/128507376012/;4,6;101;ул. Бориса Лакути, 67, Владикавказ;
f56c1b75-a9ab-4c60-9a4a-dab23225a973;yandex;Mobil1 центр Автостатус;8 (800) 707-90-90;0;;https://yandex.ru/maps/org/mobil1_tsentr_avtostatus/90464826759/;4,9;75;Ардонская ул., 93, Владикавказ;
85b8816e-921c-4d44-ae67-900f424d39f2;yandex;Студия 56;+7 (902) 527-74-44;0;;https://yandex.ru/maps/org/studiya_56/1361336083/;4,6;38;просп. 100-летия Владивостока, 56, Владивосток;
bb82abbd-0117-42e7-aa05-21e0801dec16;yandex;Парикмахерская № 8;+7 (951) 018-87-37;0;;https://yandex.ru/maps/org/parikmakherskaya_8/210837215980/;4,9;124;Казанская ул., 7, Владивосток;
657585c9-e6c5-4fcc-ab50-c634e2f7558d;yandex;Студия красоты Анастасии Гришиной;+7 (902) 489-50-24;0;;https://yandex.ru/maps/org/studiya_krasoty_anastasii_grishinoy/239189290391/;5,0;54;Русская ул., 71, Владивосток;
ad47ac12-1dd5-44f2-ba78-e23b181db7bd;yandex;Нина;+7 (984) 199-89-80;0;;https://yandex.ru/maps/org/nina/76530987905/;4,2;44;Луговая ул., 26, Владивосток;
d7700e09-c63e-46c9-a01d-6378100ad70f;yandex;ArtStyle;+7 (914) 695-38-87;0;;https://yandex.ru/maps/org/artstyle/1080162671/;4,1;70;ул. Терешковой, 21, Владивосток;
3e0b763d-cf29-40b4-a205-5f7899dc1970;yandex;Прекрасно;+7 (924) 431-25-45;0;;https://yandex.ru/maps/org/prekrasno/97273148903/;4,4;69;Четвёртая ул., 6Д, Владивосток;
433308f0-52e1-4960-8be3-970aa8155159;yandex;Имидж;+7 (423) 244-06-97;0;;https://yandex.ru/maps/org/imidzh/1060601213/;4,2;62;ул. Баляева, 60, Владивосток;
2e9b54a0-df00-4cc1-8c02-b5c8bb530e83;yandex;Коко;+7 (984) 197-70-53;0;;https://yandex.ru/maps/org/koko/3707811880/;4,8;68;Некрасовская ул., 90, Владивосток;
ae7d9905-82a4-4d2b-9a5d-0f5c65b57e13;yandex;Ava studio;+7 (914) 704-12-19;0;;https://yandex.ru/maps/org/ava_studio/189354409286/;5,0;91;Некрасовская ул., 52А, Владивосток;
811adca8-87ae-4c5f-8163-06fecc823eaa;yandex;Cherry;+7 (423) 280-17-77;0;;https://yandex.ru/maps/org/cherry/57084792607/;4,8;167;ул. Кирова, 9А, Владивосток;
db96eb08-cc4a-46a9-b284-13fa03a40fca;yandex;Инари;+7 (914) 706-76-05;0;;https://yandex.ru/maps/org/inari/89314722461/;4,7;40;просп. 100-летия Владивостока, 20, Владивосток;
fc295c8f-f5a8-407a-8cf1-bc383d97d802;yandex;Букле;+7 (423) 220-58-08;0;;https://yandex.ru/maps/org/bukle/188448543540/;4,9;243;ул. Адмирала Фокина, 22, Владивосток;
687a5aff-7b70-4d88-bf53-2f349a151a83;yandex;Субару клуб;+7 (964) 430-66-55;0;;https://yandex.ru/maps/org/subaru_klub/1090329859/;4,8;416;просп. 100-летия Владивостока, 57А, стр. 3, Владивосток;
576cb93d-b2c1-465d-850b-919a24b49e7f;yandex;Авто-сити;+7 (423) 294-02-02;0;;https://yandex.ru/maps/org/avto_siti/32851757672/;4,8;54;2-я Шоссейная ул., 4, Владивосток;
0289683a-a069-4b0f-a4d5-8fb99e5b0546;yandex;EUROPArk;+7 (924) 241-44-81;0;;https://yandex.ru/maps/org/europark/95977800364/;4,7;91;ул. Толбухина, 2, корп. 6, Владивосток;
c6358e9b-d66f-422a-ab33-3406e256dbd2;yandex;Wheel;+7 (914) 706-06-86;0;;https://yandex.ru/maps/org/wheel/235320125433/;4,5;212;Приморский край, Владивосток, улица Фадеева;
e5d619a4-a177-4350-9346-a2d813a91453;yandex;Honda service;+7 (914) 700-13-47;0;;https://yandex.ru/maps/org/honda_service/46397675267/;4,9;383;Днепровская ул., 119, Владивосток;
bd788e1d-3c64-4605-949c-61425d4c48dc;yandex;Totachi;+7 (423) 270-48-93;0;;https://yandex.ru/maps/org/totachi/56681257901/;3,8;34;ул. Аренского, 2А, Владивосток;
96172970-8fdd-4f5f-85fd-cba0fe01d957;yandex;Про Сервис;;0;;https://yandex.ru/maps/org/59832419504/reviews/;4;21;;
bff27af5-bf7b-4583-b946-cf2ff6932eb9;yandex;Шинтоп;+7 (423) 202-53-30;0;;https://yandex.ru/maps/org/shintop/1555324534/;4,8;1419;ул. Руднева, 8Е, Владивосток;
fb0675d4-bca3-4632-bc1d-13fb22d6da49;yandex;Electro Motors;+7 (999) 615-37-37;0;;https://yandex.ru/maps/org/electro_motors/1843742430/;5,0;130;Стрелочная ул., 4А, Владивосток;
0e30e9f8-2896-49e4-818c-350fdbc77d27;yandex;Ниппон Авто Honda-Центр;+7 (423) 270-13-78;0;;https://yandex.ru/maps/org/nippon_avto_honda_tsentr/1017257153/;3,8;78;ул. Маковского, 30В, Владивосток;
2d7fccd5-08a5-42e7-aa80-618940ae43bd;yandex;Про Сервис;;0;;https://yandex.ru/maps/org/59832419504/gallery/;;Отзывы;;
423f9294-30ad-4b63-888d-b3e8b8860e93;yandex;Bulgari;+7 (917) 283-66-33;0;;https://yandex.ru/maps/org/bulgari/1643637089/;4,0;26;ул. Вишневского, 21, Казань;
7547b78d-2501-4bab-8c0b-603d6f6196dd;yandex;Beutem;+7 (986) 926-13-13;0;;https://yandex.ru/maps/org/beutem/224574929005/;5,0;134;ул. Аметьевская Магистраль, 18, корп. 5, Казань;
517b60e0-4fb2-4ce1-8c49-e1b38392f0c6;yandex;Акварели;+7 (927) 487-69-38;0;;https://yandex.ru/maps/org/akvareli/121720936577/;4,9;70;просп. Альберта Камалеева, 1, Казань;
8a81e239-fd73-47f9-9a03-1ee8b1bc9c93;yandex;Паутинка;+7 (843) 279-44-00;0;;https://yandex.ru/maps/org/pautinka/1126790658/;4,3;60;ул. Александра Попова, 11, Казань;
e1aa874b-e556-47c4-9a13-ce157267f824;yandex;Вишня;+7 (966) 240-65-88;0;;https://yandex.ru/maps/org/vishnya/1031369227/;4,6;123;ул. Вишневского, 8, Казань;
238d2152-ea3b-4dcb-b9c6-2dc930b1c2cc;yandex;Varda;+7 (917) 227-20-69;0;;https://yandex.ru/maps/org/varda/29381522918/;4,9;55;ул. Николая Ершова, 65В, Казань;
9ddd1b36-b7ba-47a9-aa33-3d85e2f8451e;yandex;Салон красоты Светланы Абдуллиной;+7 (917) 259-40-67;0;;https://yandex.ru/maps/org/salon_krasoty_svetlany_abdullinoy/9881861852/;3,6;34;ул. Азата Аббасова, 10, Казань;
641cda83-65aa-44f8-a47e-dfaa34389401;yandex;Тирамису;+7 (987) 185-07-94;0;;https://yandex.ru/maps/org/tiramisu/1029282771/;3,9;67;ул. Закиева, 21, микрорайон Азино-1, Советский район, Казань;
66727415-183b-4a64-b935-05cfce002de6;yandex;Карамель;+7 (919) 637-51-10;0;;https://yandex.ru/maps/org/karamel/9847872265/;4,3;39;Минская ул., 36, Казань;
d745eee1-fd0d-452f-af7e-3a2cc43cdf54;yandex;Мята;+7 (843) 214-71-00;0;;https://yandex.ru/maps/org/myata/173838278529/;4,3;51;ул. Галии Кайбицкой, 12, Казань;
6b425d5b-0412-4e95-9418-60deebd38aa1;yandex;365manicure;+7 (967) 872-16-94;0;;https://yandex.ru/maps/org/365manicure/156508585761/;5,0;291;ул. Шаляпина, 26, Казань;
d3ccea54-b395-4e58-8852-1577133777fc;yandex;Eco. proestet;+7 (919) 644-58-21;0;;https://yandex.ru/maps/org/eco_proestet/194006880690/;5,0;181;просп. Победы, 139А, корп. 1, Казань;
e5eaf10e-c03a-412a-a6a0-3e5796a19960;yandex;Merci;+7 (917) 891-71-01;0;;https://yandex.ru/maps/org/merci/216685873031/;4,4;44;ул. Азата Аббасова, 8, Казань;
65b51b80-086a-4507-8fa0-7730a3278e59;yandex;Анастасия;+7 (966) 250-13-26;0;;https://yandex.ru/maps/org/anastasiya/106544959060/;5,0;236;Даурская ул., 44В, Казань;
734ec3cf-ce7c-46d3-a741-dde79e1f502d;yandex;Микс бьюти;+7 (965) 625-06-25;0;;https://yandex.ru/maps/org/miks_byuti/80053178664/;4,7;98;ул. Александра Курынова, 11, корп. 1, Казань;
e06a7cd3-b98a-4335-83b8-c4c1a65a7b0e;yandex;Us'man;+7 (903) 062-80-94;0;;https://yandex.ru/maps/org/us_man/82675186675/;5,0;144;ул. Азата Аббасова, 8, Казань;
15f0cb4c-3cd3-4de6-89a1-4fb388f11337;yandex;Ближе;+7 (917) 239-54-23;0;;https://yandex.ru/maps/org/blizhe/218541684388/;4,7;55;ул. Аделя Кутуя, 110Д, корп. 2, Казань;
42a28e6f-1c33-420b-b61b-078943384cd8;yandex;Элис;+7 (937) 578-97-33;0;;https://yandex.ru/maps/org/elis/1712690877/;4,2;78;ул. Юлиуса Фучика, 94, Казань;
f6f82899-9a96-4b62-971b-fee6f8c5bce8;yandex;Любимый;+7 (927) 039-25-03;0;;https://yandex.ru/maps/org/lyubimy/1195495336/;5,0;120;ул. Адоратского, 10, Казань;
61b4b0a5-a217-42df-946a-bfa27ab90e9d;yandex;Дея;+7 (950) 310-46-61;0;;https://yandex.ru/maps/org/deya/110836145659/;4,4;61;ул. Толбухина, 19, Казань;
bc924a88-451e-49ba-800a-89be7dd28232;yandex;Студия красоты Люмен;+7 (843) 295-96-00;0;;https://yandex.ru/maps/org/studiya_krasoty_lyumen/1070725532/;4,3;37;ул. Аделя Кутуя, 44А, Казань;
1d4d01a8-bad7-42f8-aef6-71fe989a53da;yandex;Alyona Voiskovich;+7 (919) 689-39-41;0;;https://yandex.ru/maps/org/alyona_voiskovich/189002695569/;4,8;40;ул. Аделя Кутуя, 8А, Казань;
651acbde-4b86-4a28-b171-a8be7cdabf7e;yandex;Студия 16а;+7 (904) 674-98-91;0;;https://yandex.ru/maps/org/studiya_16a/57619161409/;4,7;114;Гвардейская ул., 16А, Казань;
ce6c8a58-fac5-4eb4-b0cf-f1f371f67716;yandex;Бьюти салон;+7 (993) 404-08-88;0;;https://yandex.ru/maps/org/byuti_salon/130031565304/;4,8;33;ул. Азата Аббасова, 13, Казань;
b7c3f3c2-2cc6-4e34-a2ff-70fa08b46a4b;yandex;Ell;+7 (843) 260-95-97;0;;https://yandex.ru/maps/org/ell/126051909885/;5,0;140;ул. Галиаскара Камала, 18, Казань;
d123dcc4-fc34-4704-b9da-d097cf6db89d;yandex;Ангел;+7 (917) 223-28-05;0;;https://yandex.ru/maps/org/angel/1100209132/;4,5;115;ул. Нурсултана Назарбаева, 45, Казань;
efa89019-f7b4-4fc6-802b-8cc322b93a42;yandex;Флирт;+7 (905) 022-59-93;0;;https://yandex.ru/maps/org/flirt/1283052028/;4,4;19;Волочаевская ул., 6, Казань;
9d54766e-717f-4c93-af16-0b0e8aad2a6c;yandex;A’esthetic;+7 (987) 286-41-39;0;;https://yandex.ru/maps/org/a_esthetic/192359116101/;4,9;99;ул. Николая Ершова, 62, Казань;
036c833c-5f25-4798-9b17-6a1686bc940d;yandex;Be love;+7 (952) 047-79-97;0;;https://yandex.ru/maps/org/be_love/131827796956/;5,0;110;ул. Родины, 24В, Казань;
d5daf04e-adf6-44f8-a675-c8129d1e4f57;yandex;Парикмахерская Студия А;+7 (843) 263-08-36;0;;https://yandex.ru/maps/org/parikmakherskaya_studiya_a/1190280241/;4,2;69;ул. Ноксинский Спуск, 29, Казань;
f1b42919-8a43-41c4-8949-b32fe5838092;yandex;Бигуди;+7 (843) 250-42-21;0;;https://yandex.ru/maps/org/bigudi/153120731058/;5,0;619;ул. Юлиуса Фучика, 72, Казань;
3cae0e9e-18b8-48e4-ac3d-e7fc04e7d441;yandex;Намечтала;+7 (993) 419-39-87;0;;https://yandex.ru/maps/org/namechtala/217429111843/;5,0;216;Роторная ул., 27Е, Казань;
438f8e7c-43c0-4d83-bdd3-b1531f48b84a;yandex;Victoria;+7 (965) 601-25-83;0;;https://yandex.ru/maps/org/victoria/8535512477/;4,8;88;Пионерская ул., 9А, Советский район, Казань;
c98f7b4b-abda-476e-81da-ba62f8fb271f;yandex;Хочугладко;+7 (960) 077-01-10;0;;https://yandex.ru/maps/org/khochugladko/9834304874/;4,9;79;ул. Разведчика Ахмерова, 3, Казань;
1588fa3a-20d3-4d2b-b53e-6d170caee551;yandex;Sense;+7 (995) 686-95-88;0;;https://yandex.ru/maps/org/sense/216915884428/;4,9;127;Чистопольская ул., 88, Казань;
d5ec60b0-01a7-4b07-aab1-4d8369abca68;yandex;Anline. nails;+7 (919) 655-41-65;0;;https://yandex.ru/maps/org/anline_nails/22873117298/;5,0;62;ул. Натана Рахлина, 1, Казань;
40ead9e7-1975-4eb0-87e0-044b78b37928;yandex;Fingers;+7 (904) 764-20-44;0;;https://yandex.ru/maps/org/fingers/132092260207/;5,0;204;Чистопольская ул., 88, Казань;
985c83b4-c06e-4304-aeec-a07900bba30d;yandex;Тэти;+7 (843) 215-58-58;0;;https://yandex.ru/maps/org/teti/198320488400/;5,0;172;ул. Юлиуса Фучика, 108, Казань;
39deba69-ec91-4055-811f-301e281b36a7;yandex;Лиана;+7 (950) 323-54-49;0;;https://yandex.ru/maps/org/liana/239042123813/;4,6;124;Интернациональная ул., 9А, корп. 3, Казань;
50e3fd50-1c08-4b9d-a3ff-bf964b7e3bc9;yandex;Марафет;+7 (966) 240-14-10;0;;https://yandex.ru/maps/org/marafet/239489042921/;4,7;93;ул. Сибирский Тракт, 23, Казань;
1b0664f6-6145-46be-ac1d-d82adb894b2a;yandex;НаРесничках;+7 (965) 596-65-95;0;;https://yandex.ru/maps/org/naresnichkakh/99131655633/;;"Ещё нет отзывов
Написать отзыв";ул. Аметьевская Магистраль, 16, корп. 4, Казань;
2ace7ba2-924d-4047-bbbf-5fbac3210290;yandex;Kamillab;+7 (987) 296-06-16;0;;https://yandex.ru/maps/org/kamillab/163742196763/;4,6;189;ул. Касаткина, 11, Казань;
118731fe-3be1-4972-b949-82a894aba2dd;yandex;A’esthetic;+7 (987) 226-76-55;0;;https://yandex.ru/maps/org/a_esthetic/124603850496/;5,0;308;ул. Адоратского, 1А, Казань;
d5d18363-bffa-4b61-905f-ce35db97e288;yandex;Барбарис;+7 (919) 643-22-03;0;;https://yandex.ru/maps/org/barbaris/197827209977/;4,7;120;просп. Универсиады, 10, Казань;
201e2ec7-4a78-4ce1-ae31-db01a26c4aad;yandex;Top Chic;+7 (919) 697-24-79;0;;https://yandex.ru/maps/org/top_chic/148231557184/;5,0;155;Вербная ул., 1, Казань;
3ca9e937-9b60-4bb1-bf18-0e7fc912185b;yandex;Бигуди;+7 (843) 250-51-40;0;;https://yandex.ru/maps/org/bigudi/235879798222/;5,0;393;ул. Карбышева, 48, Казань;
689c8abd-c09d-4014-96e2-cd210cbad023;yandex;Beauty Room;+7 (909) 308-25-43;0;;https://yandex.ru/maps/org/beauty_room/183914382860/;4,9;160;ул. Натана Рахлина, 3, Казань;
f7664625-cb44-4fd4-8a7b-e02c590d97ba;yandex;Sava beauty;+7 (937) 625-33-66;0;;https://yandex.ru/maps/org/sava_beauty/1773346140/;5,0;571;ул. Адоратского, 1А, Казань;
26502e0a-2ddb-4865-be56-f6c1d5c29358;yandex;Добро;+7 (960) 050-15-51;0;;https://yandex.ru/maps/org/dobro/1355217611/;5,0;191;Чистопольская ул., 71А, Казань;
6fb94dfc-cfce-4507-bdec-45df8bd1b9f3;yandex;Estel by Сырисенков П.;+7 (987) 207-42-48;0;;https://yandex.ru/maps/org/estel_by_syrisenkov_p_/36533181505/;5,0;62;ул. Николая Ершова, 62, Казань;
3fe178f7-f9ec-4ce7-88cb-24461846caeb;yandex;Скоро буду;+7 (939) 318-39-00;0;;https://yandex.ru/maps/org/skoro_budu/192802597152/;4,4;119;просп. Альберта Камалеева, 32, Казань;
3aa60527-926f-457b-ada9-918a3aee5dfe;yandex;Не удается получить доступ к сайту;;0;;https://yandex.ru/maps/org/studiya_manikyura_pedikyura_i_arkhitektury_brovey/83071786533/;;;;
3b79a43b-51bf-4717-b48e-6c2cc872ad08;yandex;Не удается получить доступ к сайту;;0;;https://yandex.ru/maps/org/pryadki_v_poryadke/1727953255/;;;;
ea73a25c-d768-415a-ae1a-42bfa37e3d4f;yandex;Не удается получить доступ к сайту;;0;;https://yandex.ru/maps/org/zara_nails_studio/45102119011/;;;;
e8b616d9-88c6-4aea-895c-1a30019baf37;yandex;Не удается получить доступ к сайту;;0;;https://yandex.ru/maps/org/pavlov_studio/1241092064/;;;;
505c74f6-23fd-42ec-9137-dce0bf9a5521;yandex;Snegana_studio;+7 (987) 420-24-56;0;;https://yandex.ru/maps/org/snegana_studio/73015898549/;5,0;231;ул. Волкова, 7/29, Казань;
de20578b-77db-4789-bcde-cb88e45c1d65;yandex;Бьютидом;+7 (986) 904-55-88;0;;https://yandex.ru/maps/org/byutidom/26009069155/;4,9;231;Республика Татарстан (Татарстан), Казань, улица Родины;
2ff0fdee-10e6-4208-884c-fb3ab28cb757;yandex;Pudra;+7 (999) 759-79-45;0;;https://yandex.ru/maps/org/pudra/42462065873/;4,9;73;пр. Яраткан, 5, Казань;
31cfe953-7aff-48b5-876b-9dfa313da984;yandex;Trofimova Studio;+7 (908) 332-72-33;0;;https://yandex.ru/maps/org/trofimova_studio/235864070322/;4,9;37;Солдатская ул., 8, Казань;
276bffd4-74b7-4db4-85a2-3d4135b4da91;yandex;Julis Studio;+7 (966) 250-17-00;0;;https://yandex.ru/maps/org/julis_studio/15168595505/;5,0;272;ул. Натана Рахлина, 5, Казань;
c13e6181-f5c3-4a76-8a25-2ab85b439823;yandex;Шафран;+7 (939) 343-94-84;0;;https://yandex.ru/maps/org/shafran/121061356035/;4,8;29;ул. Гастелло, 7, Казань;
36cea2c7-6085-4edb-ab37-b6f0ac0b9226;yandex;81 Space;+7 (987) 008-31-86;0;;https://yandex.ru/maps/org/81_space/15339042942/;4,5;95;ул. Маяковского, 24В, Казань;
1e753e79-3ee0-44ec-8a0e-21720a64053c;yandex;Айлен;+7 (905) 313-34-32;0;;https://yandex.ru/maps/org/aylen/1107368710/;4,6;107;2-я Азинская ул., 1, Казань;
5b95b7ac-fbde-46e2-a418-7d3a34eb2eff;yandex;27 квартал;+7 (917) 894-65-66;0;;https://yandex.ru/maps/org/27_kvartal/90669777598/;4,8;145;ул. Академика Лаврентьева, 11, Казань;
d4a3c393-30d7-48d3-8a1a-9ebc3f12c9d9;yandex;Изин дом;+7 (937) 570-00-12;0;;https://yandex.ru/maps/org/izin_dom/147922552577/;4,7;110;ул. Муштари, 18, Казань;
dfacfa9d-13e6-4e0d-8ac9-1b34c9ba1d00;yandex;Бигуди;+7 (843) 260-94-95;0;;https://yandex.ru/maps/org/bigudi/50120385595/;5,0;524;просп. Ямашева, 54, корп. 4, Казань;
92782d01-cc50-442f-9970-73738177f116;yandex;Матур;+7 (966) 240-01-01;0;;https://yandex.ru/maps/org/matur/1782773336/;4,5;218;ул. Академика Глушко, 10А, Казань;
a64b9c6e-90b0-45db-9e4b-108573b60e0e;yandex;Lash Lili Studio;+7 (904) 665-30-16;0;;https://yandex.ru/maps/org/lash_lili_studio/220748500547/;4,7;103;Пионерская ул., 8А, Советский район, Казань;
d032c664-460c-435b-977d-f4b4b8d4e6c8;yandex;Ti & Re;+7 (905) 020-88-89;0;;https://yandex.ru/maps/org/ti_re/37640794750/;5,0;108;ул. Горького, 3, корп. 1, Казань;
c861b7e7-2901-4ef3-a4fe-120202a4fbfd;yandex;Счастливые люди;+7 (987) 281-77-55;0;;https://yandex.ru/maps/org/schastlivyye_lyudi/44329321619/;5,0;149;ул. Кул Гали, 34, Казань;
5289416f-cf5a-407e-a8b8-10cf54ae5619;yandex;Эльбьюти;+7 (843) 259-27-33;0;;https://yandex.ru/maps/org/elbyuti/228979954030/;4,7;72;Даурская ул., 44Г, Казань;
bdf7213e-0d58-4718-8b3c-b502de6b48df;yandex;Matur People;+7 (917) 225-88-00;0;;https://yandex.ru/maps/org/matur_people/59302577108/;4,9;59;Комсомольская ул., 2, Казань;
76d55c72-04d4-400f-99d1-28b95e495592;yandex;MoNe;+7 (950) 329-52-15;0;;https://yandex.ru/maps/org/mone/126185835668/;4,4;58;ул. Космонавтов, 14, Казань;
13f281a5-0586-4f94-aabe-2971dcec5015;yandex;Eva dry bar;+7 (843) 240-08-03;0;;https://yandex.ru/maps/org/eva_dry_bar/127395144451/;4,9;186;ул. Горького, 6, Казань;
bf91f014-599d-43f0-9ccd-47d41701fb89;yandex;Энигма;+7 (843) 238-14-44;0;;https://yandex.ru/maps/org/enigma/1089205444/;4,7;169;Петербургская ул., 1, Казань;
555bbe92-a3d6-4d8d-950a-b5cc3b520ccc;yandex;Ng Vesna;+7 (917) 921-56-56;0;;https://yandex.ru/maps/org/ng_vesna/143038797666/;4,8;47;ул. Азата Аббасова, 3, Казань;
767db381-bea7-4064-ac35-7ceaca81d554;yandex;Hair Now;+7 (843) 290-93-23;0;;https://yandex.ru/maps/org/hair_now/1213487086/;4,5;196;ул. Павлюхина, 110, Казань;
fc698bbc-ec05-43ac-8c45-876c2e57dd55;yandex;В Париже;+7 (843) 524-75-80;0;;https://yandex.ru/maps/org/v_parizhe/1373529429/;4,5;88;ул. Адоратского, 4А, Казань;
acf8c0bd-c599-4c06-a76c-9bb2b50595bd;yandex;Кохановская Студио;+7 (953) 998-48-58;0;;https://yandex.ru/maps/org/kokhanovskaya_studio/71449896737/;5,0;137;Волочаевская ул., 6, Казань;
104ec12f-8618-483e-b576-a05c40ff49ef;yandex;Аниса;+7 (917) 887-87-97;0;;https://yandex.ru/maps/org/anisa/11610605480/;5,0;186;Даурская ул., 32, Казань;
d7c73b6c-bf22-4793-addb-255a8678d296;yandex;Одри;+7 (927) 427-64-38;0;;https://yandex.ru/maps/org/odri/1133853715/;4,4;33;Спортивная ул., 33, Советский район, Казань;
1a062264-fb44-4cff-bbc0-3ad8465d0fd1;yandex;Престиж;+7 (843) 273-44-56;0;;https://yandex.ru/maps/org/prestizh/1080826449/;4,1;16;Гвардейская ул., 14, Казань;
90b1d7dd-ee43-4b38-b1d5-d6ffebefd58e;yandex;Тиана;+7 (929) 725-22-55;0;;https://yandex.ru/maps/org/tiana/73190888584/;5,0;299;пр. Яраткан, 4В, Казань;
95b09c6c-66fb-4006-8696-1427c3719d2a;yandex;Небеса;+7 (937) 612-06-06;0;;https://yandex.ru/maps/org/nebesa/42744120543/;5,0;251;Академическая ул., 1, Казань;
e80baa09-ed40-4698-a6d3-e22d481a3b33;yandex;Luxepil;+7 (904) 712-13-15;0;;https://yandex.ru/maps/org/luxepil/86512125411/;5,0;329;Отрадная ул., 15, Казань;
25d9973e-856c-47cb-bf81-69ecbf40dfca;yandex;Романи;+7 (937) 576-76-00;0;;https://yandex.ru/maps/org/romani/148742315178/;5,0;76;Московская ул., 60, Казань;
95ec69cb-837f-4f8f-a1bd-f7d0a73adb88;yandex;De luxe;+7 (999) 156-83-69;0;;https://yandex.ru/maps/org/de_luxe/186090993761/;4,7;107;Даурская ул., 22, Казань;
d4895d4d-73bd-48bb-b8d7-d0e7075215ae;yandex;Жади;+7 (843) 228-74-06;0;;https://yandex.ru/maps/org/zhadi/1061911703/;4,7;187;ул. Гарифьянова, 25, Казань;
3abdb6df-136b-426f-a1a7-820d5fe8c57f;yandex;Delicate;+7 (986) 901-67-47;0;;https://yandex.ru/maps/org/delicate/184591211722/;4,9;37;ул. Николая Ершова, 76/1, Казань;
ba8a1f3c-ad48-415b-a7cf-3ba3a526537b;yandex;Fahrutdinov Studio;+7 (937) 777-34-16;0;;https://yandex.ru/maps/org/fahrutdinov_studio/204685834317/;5,0;346;ул. Касаткина, 11, Казань;
71586508-2ed3-424e-a825-711c8e644414;yandex;Ваш салончик красоты;+7 (960) 042-85-33;0;;https://yandex.ru/maps/org/vash_salonchik_krasoty/1302812670/;4,5;50;ул. Павлюхина, 99, Казань;
5259d906-f010-4990-bd47-b61b6d06c918;yandex;Монохром;+7 (919) 697-36-34;0;;https://yandex.ru/maps/org/monokhrom/58752643486/;5,0;303;Казань, Советский район, территория Октябрьский городок, 1/111;
e8f82aa1-5216-47ce-945a-b09a0def272b;yandex;Манифик;+7 (927) 047-04-72;0;;https://yandex.ru/maps/org/manifik/52823636314/;5,0;128;ул. Айвазовского, 16, Казань;
5c2d72f5-6cdb-413b-830b-704f95720c1f;yandex;Автосервис;+7 (930) 400-07-70;0;;https://yandex.ru/maps/org/avtoservis/148155352332/;4,2;80;Учебный пер., 13А, Воронеж;
223a3b01-a210-4ba0-b61e-659af2ce4bd0;yandex;Экобуст;+7 (903) 025-92-55;0;;https://yandex.ru/maps/org/ekobust/10025165123/;5,0;100;Калининградская ул., 87, Воронеж;
3d0b570a-ab26-4bac-95fe-d65241792b4a;yandex;Автосервис Careta;+7 (473) 269-44-48;0;;https://yandex.ru/maps/org/avtoservis_careta/46985389595/;4,5;79;ул. Димитрова, 112А, Воронеж;
9c29becb-db8c-4730-8e0b-64a64a2fb7ed;yandex;Автосервис;+7 (473) 292-84-22;0;;https://yandex.ru/maps/org/avtoservis/174940946669/;3,8;25;Ленинский просп., 182Б, Воронеж;
61637c67-5921-42df-9cb8-1a48a03943c3;yandex;Булафто;+7 (980) 248-70-17;0;;https://yandex.ru/maps/org/bulafto/28249113670/;5,0;64;ул. Серафимовича, 40, Воронеж;
2ea1d83c-afca-4245-95df-ba2e22f57a78;yandex;Сова;+7 (908) 130-99-55;0;;https://yandex.ru/maps/org/sova/207370408126/;4,5;272;ул. Антонова-Овсеенко, 16Б, Воронеж;
0339026b-77f6-47a2-896e-69ea437d6457;yandex;Vag service;+7 (473) 292-46-16;0;;https://yandex.ru/maps/org/vag_service/1760698153/;5,0;1424;Солнечная ул., 33В, Воронеж;
34739bfa-b686-4699-af05-092a3305e4ef;yandex;Автосервис;+7 (952) 952-10-83;0;;https://yandex.ru/maps/org/avtoservis/1268890762/;4,3;54;ул. Генерала Лизюкова, 2В, Воронеж;
4d6a219d-c397-4cc5-a9f3-f83196c470e0;yandex;Автоэлектрик;+7 (951) 868-72-76;0;;https://yandex.ru/maps/org/avtoelektrik/137826360599/;4,7;59;Воронеж, микрорайон ВАИ;
5b103b1c-31d2-40d7-aabd-c16c2e1eb72e;yandex;Автоспец 36;+7 (905) 051-65-54;0;;https://yandex.ru/maps/org/avtospets_36/110169709797/;4,8;45;ул. Менделеева, 5А, Воронеж;
44e95354-54f1-41c7-8fa2-b544fcb0c412;yandex;K-motors;+7 (473) 202-20-08;0;;https://yandex.ru/maps/org/k_motors/83083300730/;4,8;175;ул. Машиностроителей, 10, Воронеж;
2deb94a5-6edc-41ac-bbd0-fd280377a8a6;yandex;Автосервис;+7 (953) 119-91-71;0;;https://yandex.ru/maps/org/avtoservis/1730384836/;4,9;35;ул. Рокоссовского, 42, Воронеж;
7a698e60-9eed-4774-9a41-b79beba86d47;yandex;Авторай;+7 (920) 436-19-66;0;;https://yandex.ru/maps/org/avtoray/127217533580/;5,0;48;Воронеж, микрорайон Отрожка;
c71e0961-c59a-4f9c-a3f2-af7aa8e34309;yandex;Автодоктор;+7 (473) 253-60-89;0;;https://yandex.ru/maps/org/avtodoktor/187684788802/;4,7;108;Воронеж, улица Тимирязева;
ce99111c-5cb8-4047-b7de-251d30aab2c6;yandex;Kzk Гараж;+7 (900) 960-21-13;0;;https://yandex.ru/maps/org/kzk_garazh/12044390586/;4,8;63;ул. Витрука, 14А, Воронеж;
64576ea5-1db5-4d87-b1f3-38db3896078b;yandex;СТО Машин;+7 (920) 445-00-02;0;;https://yandex.ru/maps/org/sto_mashin/21684761945/;4,7;120;ул. Димитрова, 138, Воронеж;
483c022e-d9ea-442e-9e7c-540128054714;yandex;AS Concept;+7 (473) 258-25-55;0;;https://yandex.ru/maps/org/as_concept/1597705224/;4,6;31;Ленинградская ул., 132В, Воронеж;
f8bcaf05-d552-4f04-a1da-01b26539acdc;yandex;АвтоДрайв 1;+7 (915) 581-70-77;0;;https://yandex.ru/maps/org/avtodrayv_1/36636349792/;4,4;17;Ольховатский пер., 2, Воронеж;
a3cf6b7e-6d0e-4574-b295-30d4d4b2359b;yandex;Автошина;+7 (910) 240-40-90;0;;https://yandex.ru/maps/org/avtoshina/113371370303/;4,5;726;Московский просп., 144/1, Воронеж;
195774c9-e7a2-499e-ba52-182f9ec862b1;yandex;Автодрайв;+7 (910) 247-88-36;0;;https://yandex.ru/maps/org/avtodrayv/1379995181/;4,4;161;ул. Димитрова, 91Д, Воронеж;
38a07634-ca16-4207-983d-d3f1f83b826a;yandex;Автосервис;+7 (910) 749-27-74;0;;https://yandex.ru/maps/org/avtoservis/11345208870/;4,0;147;ул. Циолковского, 129/1, Воронеж;
cbc6e664-e5a3-49d3-b852-51119c566423;yandex;Автошина;+7 (473) 202-20-53 (доб. 1);0;;https://yandex.ru/maps/org/avtoshina/218569895230/;4,7;471;ул. Брусилова, 4/1, Воронеж;
e69743a0-5da0-443d-b7a7-caffee31346a;yandex;Твой гараж;+7 (950) 774-58-96;0;;https://yandex.ru/maps/org/tvoy_garazh/7036653485/;4,4;115;Ленинский просп., 174/6, Воронеж;
7bf5f532-b131-4ae9-814f-df28d204b398;yandex;Автомеханик;+7 (960) 134-36-37;0;;https://yandex.ru/maps/org/avtomekhanik/134948550063/;4,3;131;Ипподромная ул., 17, Воронеж;
98424dac-801a-44cf-9cb0-f7c17e615ac1;yandex;Дг сервис;+7 (952) 959-22-55;0;;https://yandex.ru/maps/org/dg_servis/148189435337/;5,0;130;Воронеж, территория потребительского гаражного кооператива Ручей;
b8bcdef4-4589-4638-a6a5-8c5923fff754;yandex;СТО Черноземья;+7 (960) 131-44-27;0;;https://yandex.ru/maps/org/sto_chernozemya/55710301453/;4,2;121;городской округ Воронеж, Коминтерновский район;
b44529c5-06e6-43ed-8155-111e0e058cb6;yandex;Ss20;+7 (473) 203-06-40;0;;https://yandex.ru/maps/org/ss20/1111267464/;4,6;282;просп. Патриотов, 11/3, Воронеж;
3fc8a1df-16eb-40d4-ae04-95a7ea744689;yandex;АвтомаG;+7 (920) 449-99-14;0;;https://yandex.ru/maps/org/avtomag/54082002420/;4,0;113;ул. Островского, 95, Воронеж;
cfa30c2a-c5e1-4333-8067-33957dedef3b;yandex;АвтоПочин;+7 (903) 857-75-95;0;;https://yandex.ru/maps/org/avtopochin/176189019124/;4,9;105;ул. Ленина, 313/1, село Новая Усмань;
b864653d-a86e-4646-a0e0-7827ce40845d;yandex;Автотехцентр;+7 (473) 267-17-80;0;;https://yandex.ru/maps/org/avtotekhtsentr/1042001857/;4,8;162;Народная ул., 35, Воронеж;
a56ce123-da20-48e8-9dc5-fd99fd240bcd;yandex;Автосервис, Шиномонтаж;+7 (908) 141-61-46;0;;https://yandex.ru/maps/org/avtoservis_shinomontazh/87945988935/;4,8;21;Транспортная ул., 47, село Александровка;
9e2098e5-1592-4672-b179-6d6b297820b8;yandex;Авто Зона;+7 (920) 424-07-38;0;;https://yandex.ru/maps/org/avto_zona/136271724984/;5,0;119;Полевая ул., 36Б, село Новая Усмань;
c7e6c7ab-60cb-477b-889d-4a52cf956134;yandex;Скиф-Авто;+7 (951) 876-68-74;0;;https://yandex.ru/maps/org/skif_avto/8019260143/;4,1;39;ул. Старых Большевиков, 45, Воронеж;
9c76f3a8-0fc5-49d8-892e-b0e54a1982f1;yandex;Автосервис;;0;;https://yandex.ru/maps/org/avtoservis/161810759096/;1,4;31;Волгоградская ул., 30/2, Воронеж;
0e24a9af-e438-4feb-b4be-8c8ca02a1775;yandex;У Максима;+7 (951) 555-76-32;0;;https://yandex.ru/maps/org/u_maksima/141344262150/;4,9;259;ул. Ленина, 39Б, село Новая Усмань;
d3d6d526-4300-483d-9875-79712ae3791a;yandex;Автокрутик;+7 (473) 240-46-40;0;;https://yandex.ru/maps/org/avtokrutik/209274887045/;4,8;203;Промышленная ул., 7, Воронеж;
150d151b-77dd-4967-abf1-114dbb333559;yandex;Автосервис BMW;+7 (903) 650-13-81;0;;https://yandex.ru/maps/org/avtoservis_bmw/1701903685/;4,9;252;ул. Меркулова, 3Б, Воронеж;
7cabe1dc-21e5-4d55-b177-3ba88d1d4577;yandex;МоторОйл36;+7 (960) 120-80-70;0;;https://yandex.ru/maps/org/motoroyl36/105890389423/;5,0;121;ул. Богдана Хмельницкого, 73А, Воронеж;
6be458ce-eb64-406f-b14c-4abd3ab5c779;yandex;4x4 Vrn;+7 (473) 222-25-65;0;;https://yandex.ru/maps/org/4x4_vrn/1747233665/;4,7;337;Ольховый пер., 1А, село Новая Усмань;
bf198fd8-47a6-4da2-a9f1-d650bce7377a;yandex;288 Студия;+7 (900) 931-67-20;0;;https://yandex.ru/maps/org/288_studiya/22232689837/;5,0;118;Планетная ул., 26В, Воронеж;
4be0c396-4a9a-41d6-ab5d-c3090c8383f5;yandex;Трек авто;+7 (473) 222-38-86;0;;https://yandex.ru/maps/org/trek_avto/183792100047/;4,2;64;Ленинский просп., 176В, Воронеж;
4b82ad9e-1d5c-4f95-a7b7-ad965675be78;yandex;ARD-Сервис;+7 (903) 654-54-78;0;;https://yandex.ru/maps/org/ard_servis/243390293123/;4,9;29;Воронеж, Ударная улица;
5dee035f-bb53-4d3c-ab11-8a6029e5fcb4;yandex;Wroom Avto;+7 (920) 222-24-66;0;;https://yandex.ru/maps/org/wroom_avto/95986902653/;4,4;89;ул. Корольковой, 11В, корп. 2, Воронеж;
bfbb30c3-5b32-4326-80b3-cf3829fad878;yandex;A-service36;+7 (915) 543-36-66;0;;https://yandex.ru/maps/org/a_service36/32153439085/;4,9;126;ул. Кулибина, 17/1, Воронеж;
a2f2c70f-af1e-4356-8f63-4d2fa7bc8746;yandex;Автосервис;+7 (910) 555-59-35;0;;https://yandex.ru/maps/org/avtoservis/100421287896/;4,9;159;Базовая ул., 6А, Воронеж;
0e5db19f-df5d-4501-b100-c1401bf6ab32;yandex;Антикор;+7 (473) 238-49-23;0;;https://yandex.ru/maps/org/antikor/110683978979/;5,0;130;Тверская ул., 4А, Воронеж;
2712c913-7053-4aa8-8ddc-ae59e9109698;yandex;Орбита;+7 (902) 673-61-41;0;;https://yandex.ru/maps/org/orbita/1129925201/;4,9;415;ул. 9 Января, 260А, Воронеж;
c897844a-1206-4d3e-92d0-0c73a0e7670d;yandex;Стриж-Авто;+7 (980) 535-40-12;0;;https://yandex.ru/maps/org/strizh_avto/1675993885/;4,8;56;ул. Витрука, 15А, Воронеж;
c5b2bec4-114c-4949-96e3-d8fe23afff69;yandex;Carhelp;+7 (920) 228-68-81;0;;https://yandex.ru/maps/org/carhelp/1788884578/;4,8;108;ул. Шишкова, 77/2, Воронеж;
14185db7-2bb3-4d72-8e3f-2064183c0d48;yandex;Формат;+7 (958) 509-07-09;0;;https://yandex.ru/maps/org/format/76918876091/;4,4;31;ул. Димитрова, 91Г, Воронеж;
ee07dcad-098b-4e8c-95c9-c09bd23d9100;yandex;Авторемонт;+7 (900) 954-70-35;0;;https://yandex.ru/maps/org/avtoremont/59397678853/;4,7;178;ул. Пирогова, 69, Воронеж;
49e5b725-93d2-4689-8fa0-b7281fbb182a;yandex;Автосервис;+7 (473) 238-52-67;0;;https://yandex.ru/maps/org/avtoservis/1117841168/;4,2;72;ул. Старых Большевиков, 40, Воронеж;
45efc310-f184-4142-bee4-2e9fbccef119;yandex;А1;+7 (473) 333-50-58;0;;https://yandex.ru/maps/org/a1/107450473828/;4,7;231;ул. Антонова-Овсеенко, 37/7, Воронеж;
6b5205a6-2bf8-4cfc-b0ec-fb529ebc49b1;yandex;Gm 36;+7 (473) 238-79-09;0;;https://yandex.ru/maps/org/gm_36/6660425016/;4,7;116;Планетная ул., 26В/55, Воронеж;
d4e48f4f-c23e-4bc5-92d3-9265d9b531d0;yandex;Boss Auto;+7 (906) 674-42-11;0;;https://yandex.ru/maps/org/boss_auto/138059388512/;5,0;100;Московский просп., 173, Воронеж;
d3c574b1-9ec7-4b33-8eee-822f677652c2;yandex;Вираж;+7 (910) 346-01-12;0;;https://yandex.ru/maps/org/virazh/69660272287/;4,2;164;ул. Рокоссовского, 65, Воронеж;
31bebc6a-5eba-446d-90ad-b03257f3117d;yandex;На Груздевой;+7 (980) 246-62-66;0;;https://yandex.ru/maps/org/na_gruzdevoy/58014861407/;5,0;263;Груздевая ул., 1А/2, микрорайон Первое Мая, Воронеж;
8bd5a02c-ea8c-4cad-aee7-cb6d92b0ba2a;yandex;Автосервис;+7 (951) 856-72-41;0;;https://yandex.ru/maps/org/avtoservis/94696135715/;4,9;60;Воронеж, переулок Крамского;
c075c9b4-5d8a-4db2-aa4d-fb6f7be1365d;yandex;CarZone;+7 (473) 202-50-07;0;;https://yandex.ru/maps/org/carzone/222408223669/;4,6;480;просп. Патриотов, 43К/2, Воронеж;
4ded9914-5e65-411e-81bf-8aca969f11fe;yandex;У Игоря;+7 (910) 345-90-00;0;;https://yandex.ru/maps/org/u_igorya/132484043240/;4,5;94;ул. 9 Января, 260, Воронеж;
10d653b3-e633-4b00-ad94-87bb50284a91;yandex;Автосервис 24;+7 (960) 130-13-04;0;;https://yandex.ru/maps/org/avtoservis_24/134295204372/;4,9;107;ул. 9 Января, 302Б, Воронеж;
bc134324-464e-40f5-b1bf-011323ca5e4c;yandex;Автомастер клуб;+7 (980) 556-31-41;0;;https://yandex.ru/maps/org/avtomaster_klub/1906528532/;4,3;157;ул. Антонова-Овсеенко, 36Д/2, Воронеж;
897d5176-d707-405c-a1f2-dbd061ea2a1a;yandex;Автосервис;+7 (962) 325-37-48;0;;https://yandex.ru/maps/org/avtoservis/204286353999/;4,7;35;Славянская ул., 38, село Новая Усмань;
02385a08-993f-409b-b033-c5da007a80c8;yandex;Карзон Релзон;+7 (473) 202-17-81;0;;https://yandex.ru/maps/org/karzon_relzon/123842221301/;4,8;234;Ленинградская ул., 29Д, Воронеж;
ccf92565-314e-4c5d-a554-9faedc831a0d;yandex;Автосервис в Отрадном;+7 (920) 418-30-20;0;;https://yandex.ru/maps/org/avtoservis_v_otradnom/1771391081/;5,0;674;Покровская ул., 49, посёлок Отрадное;
57e82280-2fb6-45a9-944c-3e9caa910f02;yandex;Звезда;+7 (909) 214-64-34;0;;https://yandex.ru/maps/org/zvezda/123827273070/;4,7;88;ул. Димитрова, 91А, Воронеж;
8b7e1c11-c901-4cd2-9b2b-3bbb89af9239;yandex;Рестарт;+7 (930) 011-50-05;0;;https://yandex.ru/maps/org/restart/1904831271/;4,3;106;Ростовская ул., 1, Воронеж;
55b09604-ae64-46b5-8441-3e6fa0a709ea;yandex;MomAuto;+7 (473) 240-00-08;0;;https://yandex.ru/maps/org/momauto/1083943042/;4,5;213;ул. 9 Января, 227, Воронеж;
c2970ee3-1a15-4766-8113-38f69060d6ad;yandex;Мв-сервис;+7 (473) 276-45-85;0;;https://yandex.ru/maps/org/mv_servis/105918418957/;5,0;202;пер. Специалистов, 6, Воронеж;
55e341eb-292a-44a4-8abd-9d81c2f502ca;yandex;Автоэкзорцистъ;+7 (905) 657-72-19;0;;https://yandex.ru/maps/org/avtoekzortsist/69531183644/;4,4;28;Ленинский просп., 176В, Воронеж;
97f6a9d7-d33a-4421-8437-c6fff5d303f5;yandex;Автотехцентр на Конструкторов;+7 (900) 962-26-48;0;;https://yandex.ru/maps/org/avtotekhtsentr_na_konstruktorov/196803411519/;4,8;240;ул. Конструкторов, 60А, Воронеж;
f42bca55-29f7-40f4-98b4-53866dc62129;yandex;Автосервис, автотехцентр;+7 (915) 585-79-70;0;;https://yandex.ru/maps/org/avtoservis_avtotekhtsentr/59627828261/;4,5;26;Рубежная ул., 35А/4, село Нечаевка;
1fb610a9-381a-4dad-bfc5-f15fd21c9244;yandex;Bbs center;+7 (960) 114-36-36;0;;https://yandex.ru/maps/org/bbs_center/125903841625/;4,9;92;2-я Коминтерновская ул., 22/2, село Новая Усмань;
f8c046ec-d666-4397-a06c-aa742e8ca6ce;yandex;Автосервис;+7 (951) 853-06-02;0;;https://yandex.ru/maps/org/avtoservis/116247156793/;4,0;12;ул. Димитрова, 85А, Воронеж;
5823e8ff-8740-44cf-b94b-b508165f1776;yandex;Слеж;+7 (950) 761-27-24;0;;https://yandex.ru/maps/org/slezh/41339767052/;4,4;160;ул. Матросова, 49, Воронеж;
681e1ddc-9f64-4a5c-bb35-02d6f46621ff;yandex;T34;+7 (952) 955-75-61;0;;https://yandex.ru/maps/org/t34/119688685150/;4,2;69;Транспортная ул., 34, Воронеж;
19513f7d-0acb-4bf1-9378-36ef26071b15;yandex;Autohata36;+7 (951) 543-55-75;0;;https://yandex.ru/maps/org/autohata36/115445060674/;4,9;56;ул. Ломоносова, 114/10Гк2, Воронеж;
5f0190a7-a0be-409e-8e79-1e7aa4288653;yandex;Pro100auto;+7 (920) 405-50-05;0;;https://yandex.ru/maps/org/pro100auto/110437335238/;4,9;31;ул. Урицкого, 48Б, Воронеж;
4cf37460-9982-4855-b540-17455b94bf43;yandex;Евромастер;+7 (920) 221-62-20;0;;https://yandex.ru/maps/org/yevromaster/1289556537/;4,5;117;ул. Остужева, 43Ж, Воронеж;
89ddeef4-7830-4f04-ac0c-cd5a6801cc0d;yandex;Alv_Service;+7 (930) 409-00-85;0;;https://yandex.ru/maps/org/alv_service/11071677340/;4,8;153;ул. Матросова, 207А, Воронеж;
874775b1-d052-4d0a-b154-82aa91e48a88;yandex;Дананг Авто;+7 (908) 136-28-92;0;;https://yandex.ru/maps/org/danang_avto/1696086900/;4,2;51;Беговая ул., 1, Воронеж;
f9cf8b8d-6062-4b91-830b-f67af3e8b531;yandex;Автоуровень;+7 (951) 564-58-92;0;;https://yandex.ru/maps/org/avtouroven/1861649592/;3,9;30;ул. Ильюшина, 3Д, Воронеж;
0e7107b0-8fe1-425b-9b91-f7f6a5e735e6;yandex;Автосервис;+7 (906) 582-48-99;0;;https://yandex.ru/maps/org/avtoservis/1361310917/;4,5;77;Планетная ул., 6, Воронеж;
d4dd3698-cb80-4c88-8785-7106b5e28563;yandex;Top Gear;+7 (966) 969-69-64;0;;https://yandex.ru/maps/org/top_gear/183221988173/;4,8;76;Алма-Атинская ул., 29к45К1, Самара;
f7dfcff2-3441-40fe-8810-43fd19dc34e7;yandex;Автослесарь;+7 (995) 343-68-11;0;;https://yandex.ru/maps/org/avtoslesar/1254652371/;4,3;328;просп. Карла Маркса, 516Б, Самара;
4f0cfb14-daa6-4666-864f-6c9d05761b93;yandex;Авто-Скр;+7 (927) 606-88-01;0;;https://yandex.ru/maps/org/avto_skr/61904523936/;5,0;147;Силовая ул., 1, Самара;
329c2990-13ea-463f-b6e5-4724fd8b966c;yandex;Не удается получить доступ к сайту;;0;;https://yandex.ru/maps/org/oyl_market/1118334674/;;;;
fde8d5cf-63ad-4f6e-adc1-d453e80e8691;yandex;Не удается получить доступ к сайту;;0;;https://yandex.ru/maps/org/tsaryov_motor_sport/111793918981/;;;;
c81d9c37-335c-4608-8b99-2a255061cac6;yandex;Не удается получить доступ к сайту;;0;;https://yandex.ru/maps/org/yaponskiy_master/30572628300/;;;;
0abfce3b-d8f7-44e8-9b76-37a59d3e7ff3;yandex;Не удается получить доступ к сайту;;0;;https://yandex.ru/maps/org/novaford_avto/1143842357/;;;;
157b98b0-4306-4c6b-b289-193aef7680e6;yandex;Не удается получить доступ к сайту;;0;;https://yandex.ru/maps/org/avtomir_haval/106977838684/;;;;
db10d94e-e013-4759-ae0b-b20334f998e4;yandex;Не удается получить доступ к сайту;;0;;https://yandex.ru/maps/org/lr/227405223622/;;;;
0d3daf27-b06b-4e52-8db4-63d88a20a3aa;yandex;Не удается получить доступ к сайту;;0;;https://yandex.ru/maps/org/psa_service_samara/9934520738/;;;;
f0bbd3ca-7028-4a03-b887-59f8bb9e393f;yandex;Не удается получить доступ к сайту;;0;;https://yandex.ru/maps/org/drakon_servis/1028543973/;;;;
847487d3-fe8b-4579-9b8d-558995ef66c6;yandex;Не удается получить доступ к сайту;;0;;https://yandex.ru/maps/org/shinomontazh/1700663717/;;;;
be620f8e-a338-4810-8b6b-ce70faebe633;yandex;Не удается получить доступ к сайту;;0;;https://yandex.ru/maps/org/ring_motors/1744341024/;;;;
17233c73-4f4b-4134-8226-c8d773b465cf;yandex;Не удается получить доступ к сайту;;0;;https://yandex.ru/maps/org/mersedes_klub/98887839562/;;;;
de8caa4d-7272-4928-8721-5f3a1defccfe;yandex;Не удается получить доступ к сайту;;0;;https://yandex.ru/maps/org/remont_rulevykh_reyek/232952442705/;;;;
24e34ca4-1be0-4b52-a10d-f4459686aefe;yandex;Соединение прервано;;0;;https://yandex.ru/maps/org/kolyosa_darom/172142126746/;;;;
085fbdaf-6bae-4993-9d39-23887c01b945;yandex;Не удается получить доступ к сайту;;0;;https://yandex.ru/maps/org/green_energy/17561981867/;;;;
6531ef89-8bc2-474a-bc68-d0ea57b400bc;yandex;Не удается получить доступ к сайту;;0;;https://yandex.ru/maps/org/ya7auto_ru/143121093250/;;;;
63c13766-23e0-4be5-a5a9-156233e72083;yandex;;;0;;https://yandex.ru/maps/org/koreyskiy_master/78583894772/;;;;
692ca5ef-0d1d-4a01-9355-f29d05af324b;yandex;;;0;;https://yandex.ru/maps/org/stantsiya_tekhnicheskogo_obsluzhivaniya_volskaya/76758543482/;;;;
6975a046-f58d-4076-a6e0-25211f045880;yandex;Не удается получить доступ к сайту;;0;;https://yandex.ru/maps/org/mazda_samara_avto/58471102296/;;;;
87a7efa0-bc9e-4ea3-9558-36d0f8e67e46;yandex;Не удается получить доступ к сайту;;0;;https://yandex.ru/maps/org/das_avto/214831060990/;;;;
7bd7ebbb-f6fb-4db0-810c-85d8d622a736;yandex;Не удается получить доступ к сайту;;0;;https://yandex.ru/maps/org/pmr_service/1186251057/;;;;
fdb1242d-8e05-4ca6-9119-5500df8def7c;yandex;Не удается получить доступ к сайту;;0;;https://yandex.ru/maps/org/mitasu/1211579071/;;;;
3fb55cb6-28ae-4056-8248-d1bd930e214c;yandex;Не удается получить доступ к сайту;;0;;https://yandex.ru/maps/org/avtoservis/216038141333/;;;;
5d76dac6-86c8-4a44-b31f-f8a96ade0e65;yandex;Не удается получить доступ к сайту;;0;;https://yandex.ru/maps/org/mir_masel/180216689328/;;;;
b9e35f31-09bb-459a-96c1-73eef5213476;yandex;Не удается получить доступ к сайту;;0;;https://yandex.ru/maps/org/katana/240261127490/;;;;
dff2ded8-ec3d-4e12-b6e9-352b14399e1f;yandex;Не удается получить доступ к сайту;;0;;https://yandex.ru/maps/org/motorny_tsekh/1775880615/;;;;
54b24f80-f74f-4bba-9add-03363fc37d97;yandex;Не удается получить доступ к сайту;;0;;https://yandex.ru/maps/org/garant_gaz/11776574343/;;;;
99a99df2-c5f5-4bdf-b9e7-44abffeae531;yandex;Не удается получить доступ к сайту;;0;;https://yandex.ru/maps/org/standart/1219748978/;;;;
de2cc46e-f23c-438c-98aa-453eca8a6744;yandex;Не удается получить доступ к сайту;;0;;https://yandex.ru/maps/org/sp/176506545951/;;;;
d769fcd1-3d7f-4d1b-aa79-1f7accde49c7;yandex;Не удается получить доступ к сайту;;0;;https://yandex.ru/maps/org/avtotrek/148088406128/;;;;
3b42dd4f-8f90-4b09-ae41-86c6639110c9;yandex;Не удается получить доступ к сайту;;0;;https://yandex.ru/maps/org/povolzhskiy_regionalny_avtotsentr_kamaz/1070378674/;;;;
18fd2b91-08eb-4940-a8b6-df6659d23c6e;yandex;Не удается получить доступ к сайту;;0;;https://yandex.ru/maps/org/avtovybor/236515706141/;;;;
af95c5e7-678a-4da8-be69-4122bced6a4a;yandex;Не удается получить доступ к сайту;;0;;https://yandex.ru/maps/org/g_energy_service_rolf/80507005498/;;;;
70790d34-bc71-45e6-b85d-4ba2a4916aae;yandex;Не удается получить доступ к сайту;;0;;https://yandex.ru/maps/org/kuzovok/132887723561/;;;;
d37aa1c5-4c39-4d23-8689-6c4a5d489b4d;yandex;Не удается получить доступ к сайту;;0;;https://yandex.ru/maps/org/territoriya_kholoda/203969181654/;;;;
3327a117-1caf-4a7f-bcc4-da9537187db8;yandex;Не удается получить доступ к сайту;;0;;https://yandex.ru/maps/org/karmaster/240392491495/;;;;
aa3afd6d-1592-4c0a-aa6a-72090db4f931;yandex;Не удается получить доступ к сайту;;0;;https://yandex.ru/maps/org/avangard_avto/25608688195/;;;;
ca0404d0-3889-455f-8288-1bef63b3f0ea;yandex;Не удается получить доступ к сайту;;0;;https://yandex.ru/maps/org/nikavto/106553936434/;;;;
e2df623f-4606-4ab6-93a7-58ea287d453d;yandex;Не удается получить доступ к сайту;;0;;https://yandex.ru/maps/org/chempion/165932517830/;;;;
27a20c5f-039c-4914-8b0a-c7e11e2b0410;yandex;Не удается получить доступ к сайту;;0;;https://yandex.ru/maps/org/klyuchnoff/109048932862/;;;;
48c2f1aa-8986-45a4-94e8-7aafcc1e28c5;yandex;АвтоОкей;+7 (927) 700-26-71;0;;https://yandex.ru/maps/org/avtookey/66669698937/;4,8;806;ул. Дыбенко, 99, Самара;
b5bcf985-636c-4727-98f3-15396a2d807b;yandex;Газель-сервис;+7 (927) 703-88-82;0;;https://yandex.ru/maps/org/gazel_servis/241779922010/;4,8;194;Алма-Атинская ул., 125В, Самара;
6a4acbd0-cbde-431b-9852-f921d57684e6;yandex;WellDone;+7 (927) 600-30-04;0;;https://yandex.ru/maps/org/welldone/69317938121/;4,3;55;просп. Карла Маркса, 251, Самара;
18d3db84-fb5d-41e2-bec9-26a3b35a2c6a;yandex;Сервис Запчасти;+7 (927) 688-44-79;0;;https://yandex.ru/maps/org/servis_zapchasti/93638790572/;4,6;161;Воронежская ул., 37, Самара;
4925dc3f-c8e9-4a1e-bf36-4619d1215561;yandex;СервисОК;+7 (937) 172-31-24;0;;https://yandex.ru/maps/org/servisok/220915209555/;5,0;104;Революционная ул., 113А, Самара;
b6fbe284-f69f-443d-af0b-36cf30420534;yandex;RedBox;+7 (903) 335-29-98;0;;https://yandex.ru/maps/org/redbox/118205061357/;4,5;162;ул. Ерошевского, 5В, Самара;
c271fea3-7a58-4339-8163-fa0fc6a54b60;yandex;Вайлд Мотор;+7 (937) 060-00-33;0;;https://yandex.ru/maps/org/vayld_motor/32147738800/;4,6;100;Рыльская ул., 17, Самара;
5482d9ce-ca13-4b4f-82e3-8c3300cd5feb;yandex;Станция технического обслуживания Тухачевского;+7 (927) 712-84-36;0;;https://yandex.ru/maps/org/stantsiya_tekhnicheskogo_obsluzhivaniya_tukhachevskogo/56860671379/;5,0;99;ул. Тухачевского, 183, Самара;
78fa41ba-b580-44c4-8a77-3e95173150e8;yandex;Трасса Е95;+7 (987) 431-25-55;0;;https://yandex.ru/maps/org/trassa_ye95/125498658669/;4,5;54;просп. Кирова, 10, корп. 2, Самара;
1bb14c24-ba71-4e36-9040-5553c6477174;yandex;Флагман Авто;+7 (963) 115-03-97;0;;https://yandex.ru/maps/org/flagman_avto/139359318164/;4,4;126;Беловская ул., 11, посёлок Мехзавод, Самара;
0ddadd93-27e7-4a82-8c4d-b3bb8331b672;yandex;Чип-тюнинг от Паулюса в Самаре;+7 (927) 744-02-14;0;;https://yandex.ru/maps/org/chip_tyuning_ot_paulyusa_v_samare/1579276972/;5,0;92;ул. Советской Армии, 188, Самара;
d9614a01-2a92-44d5-834b-425cc412df5b;yandex;Авто Сити;+7 (937) 660-00-63;0;;https://yandex.ru/maps/org/avto_siti/204719618715/;4,8;25;Кротовский пер., 38, корп. 3, Самара;
ba5a651e-1353-45f6-8de7-824a15da3764;yandex;Автосервис;+7 (927) 207-46-67;0;;https://yandex.ru/maps/org/avtoservis/36297706591/;5,0;46;Московское ш., 270, Самара;
5074f84b-f7a3-4507-bf26-ff24dcf311df;yandex;Автосервис Победы;+7 (977) 092-65-57;0;;https://yandex.ru/maps/org/avtoservis_pobedy/243224082577/;4,3;471;ул. Победы, 4В, Самара;
854f4f5c-dde1-4d6e-b02c-2f7da82b42b5;yandex;Рус-авто;+7 (987) 942-92-36;0;;https://yandex.ru/maps/org/rus_avto/1607147033/;4,2;85;Береговая ул., 13, Самара;
6d3d39c3-5a6e-4d36-81a7-dcf6d775e272;yandex;Гусматик;+7 (961) 382-50-06;0;;https://yandex.ru/maps/org/gusmatik/219279495866/;4,4;136;ул. Карбышева, 63В, Самара;
3959313f-d699-4996-8636-6d868ae5563d;yandex;Десбо;+7 (846) 300-45-07;0;;https://yandex.ru/maps/org/desbo/50827682125/;4,8;609;Средний пр., 30, Самара;
8b7379bb-737f-4e5b-8a1d-1ad91fcc11d9;yandex;Автодор;+7 (846) 244-00-03;0;;https://yandex.ru/maps/org/avtodor/1123357038/;4,4;518;ул. Лейтенанта Шмидта, 19, стр. 1, Самара;
b1154ca3-270a-4b99-834a-1987b4870a1e;yandex;Станция технического обслуживания Утёвская;+7 (936) 543-35-48;0;;https://yandex.ru/maps/org/stantsiya_tekhnicheskogo_obsluzhivaniya_utyovskaya/195793804523/;5,0;75;Утёвская ул., 20Б, Самара;
b19ef9bd-23e0-42c2-9ed5-389a3dc38f81;yandex;Автолюкс;+7 (937) 983-11-11;0;;https://yandex.ru/maps/org/avtolyuks/189133764523/;4,9;327;городской округ Самара, Железнодорожный район, Борская улица, 108Б;
0eecaabb-b00a-4567-b08b-f69dda7faebc;yandex;Самара-Авто, Changan;+7 (846) 211-12-49;0;;https://yandex.ru/maps/org/samara_avto_changan/120096584964/;4,7;346;Московское ш., 264, Самара;
2d302e54-23a3-4c5e-ab29-7e89ecc429fa;yandex;Драйв;+7 (927) 608-77-22;0;;https://yandex.ru/maps/org/drayv/1614734142/;4,4;474;Алма-Атинская ул., 212, Самара;
1e1917a9-f1a7-4c29-b07a-431ab8d6c023;yandex;Цех моторс;+7 (937) 659-88-43;0;;https://yandex.ru/maps/org/tsekh_motors/195266892336/;4,7;53;Ново-Вокзальная ул., 114А, Самара;
4ed8571c-d518-4e03-b33b-7a8d9b52f90f;yandex;Premiera auto;+7 (966) 780-00-63;0;;https://yandex.ru/maps/org/premiera_auto/150492173432/;4,7;33;просп. Кирова, 84А, Самара;
35cf14c4-d8cb-4397-ae6f-83b2a1813230;yandex;АвтоБосс;+7 (937) 664-80-00;0;;https://yandex.ru/maps/org/avtoboss/115658799853/;4,4;233;ул. Авроры, 19А, корп. 1, Самара;
82bce067-c417-49b2-9f6f-b0ad02a10a9e;yandex;Авто-Ангел;+7 (927) 260-10-32;0;;https://yandex.ru/maps/org/avto_angel/127828827407/;4,3;74;ул. Свободы, 82Б, Самара;
2d591241-10d2-40d4-aa71-283001308878;yandex;Аксиома;+7 (927) 611-64-86;0;;https://yandex.ru/maps/org/aksioma/91745647064/;;Отзывы;просп. Юных Пионеров, 146, Самара;
c5827e95-b9e9-43c5-9713-553b0a4b5cc1;yandex;Ктр-авто;+7 (993) 464-63-27;0;;https://yandex.ru/maps/org/ktr_avto/7694260860/;5,0;55;Рыльская ул., 13/19Б, Самара;
075741c5-62e8-4d0e-b4a2-ea7c07d566bd;yandex;Азиат авто;+7 (937) 797-08-78;0;;https://yandex.ru/maps/org/aziat_avto/129286776351/;5,0;370;пр. Мальцева, 22, корп. 4, Самара;
c30371cf-cefa-4fdd-9149-bb5f0f8f786b;yandex;Ю. А. Б - Service;+7 (963) 115-04-59;0;;https://yandex.ru/maps/org/yu_a_b_service/66577515139/;4,4;24;Каширская ул., 3Г, жилой район Яицкое, посёлок Придорожный;
188d33f8-1226-41a7-bb1d-a1e959d2351d;yandex;Стас сервис;+7 (927) 603-02-63;0;;https://yandex.ru/maps/org/stas_servis/132453708850/;5,0;81;просп. Кирова, 255Е, Самара;
d5183764-bd47-4d0e-afbf-c0c216e23482;yandex;Фаэтон;+7 (937) 176-44-70;0;;https://yandex.ru/maps/org/faeton/186616889454/;4,7;154;ул. Мичурина, 21Б, Самара;
01df7a49-ea12-4cfc-8a17-6f8ad20bc319;yandex;Лада-Техсервис;+7 (846) 993-17-73;0;;https://yandex.ru/maps/org/lada_tekhservis/1131875659/;4,6;143;ул. Победы, 121В, Самара;
1dafd9ea-4e36-43b4-83f9-5b992ffdebc0;yandex;Автосервис 112;+7 (903) 300-59-35;0;;https://yandex.ru/maps/org/avtoservis_112/131745088241/;4,9;143;ул. Антонова-Овсеенко, 53Б, Самара;
322c119a-288e-4559-a745-17bffb03365c;yandex;ЛогикАвто;+7 (846) 972-72-42;0;;https://yandex.ru/maps/org/logikavto/1706112184/;4,7;150;Силовая ул., 11, Самара;
8d9f22a7-212a-4536-a078-133d058e6650;yandex;Автосервис;+7 (996) 623-30-98;0;;https://yandex.ru/maps/org/avtoservis/185016350321/;4,3;56;ул. Георгия Димитрова, 1В, Самара;
52ad411b-8b2a-435c-8944-94ea77175c46;yandex;Гараж;+7 (846) 992-06-77;0;;https://yandex.ru/maps/org/garazh/1089312144/;4,6;235;Заводское ш., 10, корп. 1, Самара;
a66e83ce-96b8-4603-afd3-be758164f147;yandex;Вау;+7 (939) 707-07-77;0;;https://yandex.ru/maps/org/vau/108447586237/;5,0;126;просп. Кирова, 424В, корп. 2, Самара;
6fa677ec-997a-4440-a251-4c443112a44d;yandex;Melekes авто;+7 (927) 764-91-14;0;;https://yandex.ru/maps/org/melekes_avto/166842327726/;4,7;19;городской округ Самара, Промышленный район;
9a7775b5-5fc2-463d-8681-7a1360ccf845;yandex;Царёв motor sport;+7 (902) 378-55-33;0;;https://yandex.ru/maps/org/tsaryov_motor_sport/1808353941/;4,9;372;ул. Стара-Загора, 168Б, Самара;
c2924aa2-299f-417b-b1de-60d6d2c8cfdc;yandex;Сервак;+7 (927) 685-49-81;0;;https://yandex.ru/maps/org/servak/119478216361/;4,9;96;Серноводская ул., 107, Самара;
03948608-ff54-4e97-b865-41865955944e;yandex;СДТ Про;+7 (918) 220-46-46;0;;https://yandex.ru/maps/org/sdt_pro/240187333790/;5,0;48;Алма-Атинская ул., 164, Самара;
6d650b5e-d4e6-4c52-8c43-cda03e30f50c;yandex;Bmworld;+7 (846) 922-60-02;0;;https://yandex.ru/maps/org/bmworld/229550698099/;4,9;81;Ново-Садовая ул., 156А, Самара;
e326a04c-4369-4050-8219-d321546917e7;yandex;Кардан Сервис Волга;+7 (846) 357-84-18;0;;https://yandex.ru/maps/org/kardan_servis_volga/42110498524/;4,9;285;ул. Авроры, 110, корп. 6, Самара;
410adc26-b014-48f2-8be3-859ab1e52071;yandex;Диагностика автоэлектрик;+7 (902) 293-53-06;0;;https://yandex.ru/maps/org/diagnostika_avtoelektrik/139704038504/;4,9;51;Олимпийская ул., 58А, Самара;
771990be-7b97-434b-bdf7-3ba546f1c924;yandex;Автосервис;+7 (927) 720-04-53;0;;https://yandex.ru/maps/org/avtoservis/1269348850/;3,9;54;просп. Карла Маркса, 374В, Самара;
59fe8a14-f2b9-4bb8-b2da-1c00b07efb91;yandex;СТО Вираж авто;+7 (927) 725-17-63;0;;https://yandex.ru/maps/org/sto_virazh_avto/20045390818/;4,6;129;Черемшанская ул., 126, Самара;
978964bc-484e-4bc4-8dcc-8307a3fb2e23;yandex;Pro. Cto;+7 (962) 604-19-19;0;;https://yandex.ru/maps/org/pro_cto/121364592795/;4,8;178;Московское ш., 262В, Самара;
574b265e-49fb-416b-99a6-9a9a4ccdc075;yandex;Гелиос;+7 (960) 833-13-33;0;;https://yandex.ru/maps/org/gelios/87673497291/;4,6;115;ул. Литвинова, 336А, Самара;
4fb39dd6-e74c-4b87-9310-e40f9b356157;yandex;Автоэлектрик;+7 (917) 949-22-76;0;;https://yandex.ru/maps/org/avtoelektrik/188363276231/;5,0;188;Самара, улица Красных Коммунаров;
56fd5b11-a04b-464a-81da-673ff8dae402;yandex;Автосервис;+7 (927) 011-00-06;0;;https://yandex.ru/maps/org/avtoservis/1151244382/;4,5;63;Черногорская ул., 13, Самара;
5bd64113-8a83-4e7a-b53d-a2ce252411d0;yandex;ПроАвто;+7 (927) 605-85-30;0;;https://yandex.ru/maps/org/proavto/40479954740/;;"Ещё нет отзывов
Написать отзыв";ул. Советской Армии, 140Б, Самара;
00910c23-3921-4e3a-8c39-01483cd18ed5;yandex;АвтоОкей;+7 (927) 208-39-19;0;;https://yandex.ru/maps/org/avtookey/47589860950/;4,4;732;Солнечная ул., 61, Самара;
f8afc862-ed9f-4b1e-9482-74e7c74a7dc7;yandex;МаксАвто;+7 (927) 692-98-20;0;;https://yandex.ru/maps/org/maksavto/1274025806/;4,8;264;Алма-Атинская ул., 60А, Самара;
84d0f4e5-a7ed-42be-a058-82050dc362d5;yandex;Тойота-Мастер;+7 (937) 180-21-63;0;;https://yandex.ru/maps/org/toyota_master/100768415705/;5,0;136;Битумная ул., 3, Самара;
013b5477-d591-4a1a-96c7-d7ec666fad58;yandex;Континент;+7 (846) 207-02-98;0;;https://yandex.ru/maps/org/kontinent/1132958364/;4,2;143;ул. 22-го Партсъезда, 1В/6, Самара;
13b2f95a-8a34-4b94-928d-89f5a726601b;yandex;Мост-люкс;+7 (846) 300-45-55;0;;https://yandex.ru/maps/org/most_lyuks/24350161939/;4,3;709;ул. 22-го Партсъезда, 27/1, Самара;
f3a9949b-2998-41b9-8ec6-edc84d5846ae;yandex;Аврора;+7 (846) 268-33-42;0;;https://yandex.ru/maps/org/avrora/1154836915/;4,4;221;Молодёжная ул., 4А, Самара;
5d16f5eb-2a0c-498e-8b5a-7a3d5e2cf5df;yandex;Акпп-Самара;+7 (919) 807-97-97;0;;https://yandex.ru/maps/org/akpp_samara/151377369647/;4,8;120;ул. Чекистов, 104Б, Самара;
93e53a18-72ec-47a6-85a2-57697fbf79b3;yandex;Garage-sm;+7 (903) 330-30-90;0;;https://yandex.ru/maps/org/garage_sm/17789641860/;4,9;23;ул. Луначарского, 8Б, корп. 1, Самара;
1543f5e8-fa3b-4d85-8f5a-07dc4e4c720e;yandex;Выбор;+7 (987) 441-55-44;0;;https://yandex.ru/maps/org/vybor/1081483185/;4,4;182;Ново-Вокзальная ул., 114А, Самара;
0919020f-fa6f-43ab-b393-9ea8bb130be5;yandex;Автосила;+7 (846) 990-45-05;0;;https://yandex.ru/maps/org/avtosila/215520834242/;4,9;26;ул. Промышленности, 168, Самара;
fc640259-2777-4eb7-a3d4-4000dcfb6321;yandex;Magpie auto;+7 (923) 693-00-98;0;;https://yandex.ru/maps/org/magpie_auto/95491856803/;4,8;100;Краснодонская ул., 63А, Самара;
6b24b794-bbda-4ca1-a34e-87d4af20009e;yandex;BMW Club;+7 (987) 920-07-24;0;;https://yandex.ru/maps/org/bmw_club/181848846690/;4,6;86;ул. Антонова-Овсеенко, 51Д, Самара;
3c0be38e-0382-4088-89ff-73a96fd87a3e;yandex;NissPro;+7 (927) 291-30-30;0;;https://yandex.ru/maps/org/nisspro/160414818619/;5,0;279;просп. Карла Маркса, 30А, Самара;
d65e44c3-c241-4505-808a-b5b0660c42e2;yandex;Автосервис на Магистральной;+7 (927) 719-64-64;0;;https://yandex.ru/maps/org/avtoservis_na_magistralnoy/78100846752/;5,0;55;Магистральная ул., 81А, Самара;
14659132-2d88-4a1f-85a8-1d568ddfbef4;yandex;Автосервис;+7 (846) 250-00-99;0;;https://yandex.ru/maps/org/avtoservis/29666067162/;4,9;23;Мирная ул., 162, Самара;
eadfefe5-d901-47c7-8ba8-a17d23abd316;yandex;СТО у Анатолия;+7 (987) 161-76-89;0;;https://yandex.ru/maps/org/sto_u_anatoliya/147373242377/;4,7;24;Ново-Вокзальная ул., 88Г, Самара;
87618e28-5a66-4ca5-8681-3cfff3147ffe;yandex;СамараАвтоЦентр;+7 (937) 644-37-21;0;;https://yandex.ru/maps/org/samaraavtotsentr/1142375083/;4,2;424;Самара, территория 18-й километр Московского шоссе, 2В;
d335df0e-97bf-40a8-a1f2-f9529f660657;yandex;Adm Motors;;0;;https://yandex.ru/maps/org/adm_motors/144203798453/;4,3;26;Мирная ул., 3В, Самара;
71648fc5-2739-43e3-9437-e785f0504739;yandex;Автосервис;+7 (939) 716-21-11;0;;https://yandex.ru/maps/org/avtoservis/134074646872/;4,3;78;ул. Красных Коммунаров, 9А, Самара;
111462fb-626f-415e-9bb7-a3b890ac7d97;yandex;Чип Профи;+7 (846) 300-23-07;0;;https://yandex.ru/maps/org/chip_profi/28584948663/;5,0;684;ул. Авроры, 150Г, Самара;
cfca1136-8d0d-44ba-beb6-fe2b4516edf6;yandex;AVtocar;+7 (846) 277-00-55;0;;https://yandex.ru/maps/org/avtocar/237059294817/;5,0;213;Революционная ул., 101Д, стр. 1, Самара;
dfaf3179-4856-43b2-9bb2-5776385c3a8e;yandex;Di Cars;+7 (963) 916-33-64;0;;https://yandex.ru/maps/org/di_cars/192491506329/;5,0;152;Солнечная ул., 24, стр. 1, Самара;
482d1fa3-461c-4848-9ce8-50b386fb8d58;yandex;ЭлАвто;+7 (927) 775-21-94;0;;https://yandex.ru/maps/org/elavto/56534823025/;4,8;152;ул. Николая Панова, 56В, Самара;
b089ba5a-ae6b-4257-8002-a17f8e512688;yandex;Maraffet;+7 (927) 778-88-54;0;;https://yandex.ru/maps/org/maraffet/242303930540/;4,5;53;просп. Карла Маркса, 196, Самара;
64ff74f3-7150-4651-8919-e7778e1c0308;yandex;Цаца;;0;;https://yandex.ru/maps/org/tsatsa/120057531627/;5,0;265;5-я просека, 113, Самара;
d3b2f880-3c85-4805-aaf1-1d28bdc4539a;yandex;Тонко;+7 (919) 817-19-12;0;;https://yandex.ru/maps/org/tonko/205510593656/;5,0;180;Физкультурная ул., 90, Самара;
51473387-9213-420c-bbfb-a8356c911bb0;yandex;У сестёр;+7 (927) 727-83-67;0;;https://yandex.ru/maps/org/u_sestyor/134252738893/;4,9;36;ул. Воеводина, 6, посёлок Зубчаниновка, Самара;
893652d2-d37b-4a5f-b37f-105ae52fd8c5;yandex;Lia;+7 (927) 005-06-26;0;;https://yandex.ru/maps/org/lia/69587019551/;4,7;41;ул. Урицкого, 23, Самара;
957945c5-92ed-4cc8-a613-a93e319a49d2;yandex;Demina;+7 (987) 988-86-80;0;;https://yandex.ru/maps/org/demina/40237922402/;5,0;44;Московское ш., 55, Самара;
1830ff0c-7e23-4f84-b222-f0f265574411;yandex;Студия красоты Юлии Абрамовой;+7 (927) 716-66-64;0;;https://yandex.ru/maps/org/studiya_krasoty_yulii_abramovoy/91967896333/;5,0;92;7-я просека, 98, Самара;
615d63bd-bfbc-4926-a740-f119c20bac79;yandex;Podium;+7 (909) 329-95-95;0;;https://yandex.ru/maps/org/podium/107874821386/;4,8;147;Осетинская ул., 7, Самара;
0d4d4c0c-1ae5-49bc-91b6-82597da8391b;yandex;О Тебе;+7 (939) 712-20-04;0;;https://yandex.ru/maps/org/o_tebe/55424764418/;5,0;122;просп. Кирова, 322А, корп. 1, Самара;
5e80b095-39ba-4b61-8c37-4988848170f7;yandex;Soul;+7 (987) 955-05-70;0;;https://yandex.ru/maps/org/soul/45675989099/;4,6;79;5-я просека, 101А, Самара;
85ada1f7-d702-47f0-ad9c-b8ee3f298eae;yandex;Mяta;+7 (902) 429-92-05;0;;https://yandex.ru/maps/org/myata/163853745931/;4,9;127;ул. Губанова, 28, Самара;
7b2e411c-b46b-4af4-981a-3a81b07419f0;yandex;Botanic Beauty;+7 (927) 260-42-04;0;;https://yandex.ru/maps/org/botanic_beauty/1745360615/;4,7;78;5-я просека, 110Б, Самара;
72f74fbb-c216-4b15-8c34-cbd46b76b4bf;yandex;Ваш каприз;+7 (927) 712-04-14;0;;https://yandex.ru/maps/org/vash_kapriz/50719170446/;4,3;13;ул. Александра Матросова, 86, Самара;
7c4ec8f0-5f6b-49fa-bad6-8e33daba2eff;yandex;Di_dudina_makeup;+7 (917) 822-01-01;0;;https://yandex.ru/maps/org/di_dudina_makeup/57778623390/;5,0;112;Московское ш., 55, Самара;
a80816b4-cdfc-4971-afd0-2179c558a4ff;yandex;Лик;+7 (927) 725-00-73;0;;https://yandex.ru/maps/org/lik/1105734479/;4,2;34;ул. Гагарина, 126, Самара;
fda7d1d4-aa69-40c7-9487-bfc08e9bd798;yandex;Curly Hair;+7 (917) 107-51-61;0;;https://yandex.ru/maps/org/curly_hair/1758434316/;4,7;91;7-я просека, 98, Самара;
14c536a9-9a0c-4e6e-b5ce-2793f766a968;yandex;Энви;+7 (967) 766-51-57;0;;https://yandex.ru/maps/org/envi/177391190573/;4,9;168;просп. Кирова, 322А, корп. 4, Самара;
9d85df44-5823-4611-8d4f-969dea5500cb;yandex;Икс Студия;+7 (917) 160-70-11;0;;https://yandex.ru/maps/org/iks_studiya/31386172064/;4,9;29;ул. Свободы, 126А, Самара;
cf06ea3d-e8ab-4848-8f00-d73b3fe1ce2b;yandex;Лиса Бьюти;+7 (987) 442-32-47;0;;https://yandex.ru/maps/org/lisa_byuti/176281764640/;5,0;453;ул. Гагарина, 2, Самара;
5e9fd674-7049-40b9-8365-75f3ac065664;yandex;Ваш парикмахер;+7 (846) 211-01-77;0;;https://yandex.ru/maps/org/vash_parikmakher/131307529954/;4,8;637;ул. Алабина, 34, микрорайон Южный Город, посёлок Придорожный;
7c13f621-e450-415e-8582-6ab2c313d610;yandex;Dari;+7 (987) 959-31-09;0;;https://yandex.ru/maps/org/dari/107371650734/;5,0;72;Московское ш., 43, Самара;
4d01a124-93c3-4265-9c27-3b3a08b9067e;yandex;Beauty Studio by Natali;+7 (987) 446-72-39;0;;https://yandex.ru/maps/org/beauty_studio_by_natali/43503626259/;4,5;17;ул. Промышленности, 269А, Самара;
1ca01af0-416d-4c51-8bdd-9d47e9071d2c;yandex;Колор студия Елены Краевой;+7 (927) 729-35-15;0;;https://yandex.ru/maps/org/kolor_studiya_yeleny_krayevoy/185382487987/;4,5;16;ул. Гагарина, 110, Самара;
d1dc5062-9897-41ec-a488-edb7e3102784;yandex;ТО Самое Место;+7 (927) 215-13-12;0;;https://yandex.ru/maps/org/to_samoye_mesto/20028578754/;4,8;55;Ташкентская ул., 246А, Самара;
2691befc-16f0-457a-898b-3df5f71a43b5;yandex;На Южном;+7 (917) 155-88-00;0;;https://yandex.ru/maps/org/na_yuzhnom/2368032782/;4,7;35;Южный пр., 186, Самара;
4eea101b-a678-47f6-9557-0162e2da9a10;yandex;Не Ной;+7 (917) 144-14-59;0;;https://yandex.ru/maps/org/ne_noy/226260472207/;5,0;135;ул. Стара-Загора, 21, Самара;
4a25e2e0-b217-4819-a388-8bfadbe1fc06;yandex;Beauty фабрика;;0;;https://yandex.ru/maps/org/beauty_fabrika/231559131087/;4,3;101;ул. Стара-Загора, 82, Самара;
c209acbe-d823-4c66-bb05-d832564b0310;yandex;Lovemilana;+7 (927) 003-30-60;0;;https://yandex.ru/maps/org/lovemilana/33014990819/;5,0;357;ул. Победы, 81, Самара;
1b240a5e-d5fa-449b-b66c-b2f7157478a1;yandex;Глосс;+7 (937) 070-15-19;0;;https://yandex.ru/maps/org/gloss/229566973532/;5,0;45;ул. Максима Горького, 131, Самара;
fde38db3-f2ea-40da-81f0-0b37736755c5;yandex;Парикмахерская Эконом;+7 (963) 916-40-88;0;;https://yandex.ru/maps/org/parikmakherskaya_ekonom/1704687773/;4,4;180;просп. Металлургов, 76А, Самара;
16dcc651-9917-4152-b587-9737da5143cc;yandex;Аленка;+7 (846) 995-64-10;0;;https://yandex.ru/maps/org/alenka/1098102951/;4,4;96;Ново-Вокзальная ул., 22, Самара;
ea33c8a3-4adc-4c72-9a29-5f59a79e8944;yandex;В матрице;+7 (927) 212-05-45;0;;https://yandex.ru/maps/org/v_matritse/3571076021/;5,0;266;Ново-Вокзальная ул., 247, Самара;
b5559079-dad9-4f58-87ee-bfd5e72ec647;yandex;Моно;+7 (927) 610-53-27;0;;https://yandex.ru/maps/org/mono/158495689131/;5,0;177;просп. Карла Маркса, 196, Самара;
3d71c172-7030-48e6-9f66-d0f831690bec;yandex;Лилит;+7 (987) 161-36-01;0;;https://yandex.ru/maps/org/lilit/1699778311/;4,3;99;ул. 22-го Партсъезда, 1, Самара;
df21d020-d5dc-47ee-ae96-22bdd7089b8b;yandex;Nina;+7 (917) 956-07-07;0;;https://yandex.ru/maps/org/nina/109142002461/;5,0;131;ул. Мичурина, 124, Самара;
158d8924-ee5a-45ac-aefc-da2f259c8691;yandex;Rav Beauty;+7 (987) 959-09-74;0;;https://yandex.ru/maps/org/rav_beauty/103185322721/;5,0;107;просп. Карла Маркса, 39, Самара;
038f2b2e-cc83-45e7-a3ed-63628466d484;yandex;Злата;+7 (927) 217-32-00;0;;https://yandex.ru/maps/org/zlata/215371666839/;5,0;443;Николаевский просп., 58, квартал Южный Город-1, микрорайон Южный Город, посёлок Придорожный;
4ca8ce70-5169-4fcc-8dbb-12b240668ced;yandex;Alis Charm;+7 (902) 295-55-50;0;;https://yandex.ru/maps/org/alis_charm/160802857509/;5,0;88;Ново-Садовая ул., 22, Самара;
3c73b981-f608-4adc-9229-e9caa1d4cb09;yandex;Katerina Karasik;+7 (927) 722-66-17;0;;https://yandex.ru/maps/org/katerina_karasik/227239962400/;4,8;44;ул. Советской Армии, 140А, Самара;
f89c0a24-5e2b-43a7-9e8e-ab5f000a3214;yandex;Silk Touch;+7 (999) 622-51-39;0;;https://yandex.ru/maps/org/silk_touch/222203376064/;4,9;50;Ставропольская ул., 204, Самара;
cb4afc98-ac52-43ab-995c-828dca579d16;yandex;Александрова;+7 (922) 822-65-05;0;;https://yandex.ru/maps/org/aleksandrova/31027081999/;4,9;27;Ново-Садовая ул., 106, Самара;
419ca0d4-e553-4197-93b7-926ff737b433;yandex;Елка;+7 (927) 652-40-48;0;;https://yandex.ru/maps/org/yelka/1771006682/;5,0;205;Солнечная ул., 40, Самара;
1e93fb30-4144-4c35-9875-6ae04b7de2ad;yandex;Ты не для всех;+7 (908) 395-00-05;0;;https://yandex.ru/maps/org/ty_ne_dlya_vsekh/11699689779/;5,0;156;Съездовская ул., 11, Самара;
d35febc5-4e6f-448c-8f56-ffadc3c99a6e;yandex;Акварель;+7 (846) 231-24-21;0;;https://yandex.ru/maps/org/akvarel/1355639088/;4,5;100;просп. Кирова, 348, Самара;
8dd46ab1-3a81-46e4-85c6-c2542efd0ed0;yandex;Южная Орхидея;+7 (937) 233-88-65;0;;https://yandex.ru/maps/org/yuzhnaya_orkhideya/65547808602/;4,6;163;Николаевский просп., 8, квартал Южный Город-1, микрорайон Южный Город, посёлок Придорожный;
02ef4812-2f45-4549-a3bd-149df7944cad;yandex;Студия колористики Анны Волковой;+7 (927) 906-51-53;0;;https://yandex.ru/maps/org/studiya_koloristiki_anny_volkovoy/118743570638/;5,0;118;Вилоновская ул., 90, Самара;
dea5fc24-9b0a-4b4b-8768-305b1d43995c;yandex;Студия красоты;+7 (960) 824-79-07;0;;https://yandex.ru/maps/org/studiya_krasoty/158766144365/;5,0;75;ул. Стара-Загора, 131А, Самара;
4312c0b6-217d-4db7-b4a9-77e9509a798a;yandex;Masha hairzone;+7 (987) 151-31-63;0;;https://yandex.ru/maps/org/masha_hairzone/181043194477/;5,0;71;Ново-Садовая ул., 243А, Самара;
486b7dc4-ebe7-4491-8c95-a4fc5af3acc2;yandex;Мастерская красоты;+7 (987) 929-61-38;0;;https://yandex.ru/maps/org/masterskaya_krasoty/34499921845/;4,5;67;Кромская ул., 4, Самара;
0927bc08-9354-4ffe-8a91-936f0322e3cd;yandex;O'studio;+7 (927) 787-92-78;0;;https://yandex.ru/maps/org/o_studio/1122833128/;4,8;168;Чапаевская ул., 104, Самара;
5ba9ab19-0884-48c3-9cf9-320a04b93bd7;yandex;Exclusive;+7 (927) 691-79-18;0;;https://yandex.ru/maps/org/exclusive/121896644014/;4,7;101;ул. Академика Платонова, 8, Самара;
730f94d9-6802-46ff-a7be-97cf4210cca6;yandex;Фортис;+7 (927) 685-26-91;0;;https://yandex.ru/maps/org/fortis/159622550234/;4,9;48;1-й Безымянный пер., 9, Самара;
5fd49586-c7d3-4ac2-a044-1df7f5df295f;yandex;Мармелад;+7 (927) 724-58-59;0;;https://yandex.ru/maps/org/marmelad/1158969900/;4,3;68;Советская ул., 3, Самара;
d4e8fa1e-1f20-47c0-a9a4-25a1947b55fe;yandex;Люди;+7 (927) 909-27-20;0;;https://yandex.ru/maps/org/lyudi/100194341256/;5,0;372;Садовая ул., 254, Самара;
bdfde6a9-f764-4d2a-9cc9-d44716c6ff2f;yandex;L'amour;+7 (927) 657-81-88;0;;https://yandex.ru/maps/org/l_amour/164850822009/;4,4;46;ул. Стара-Загора, 25, Самара;
7aa99037-f25f-42c8-8bfd-ca78535f4543;yandex;Мечта;+7 (846) 331-41-61;0;;https://yandex.ru/maps/org/mechta/1027984605/;4,4;66;ул. Победы, 7, Самара;
fb340796-44a0-4e58-b492-4995c6f6bc77;yandex;Margarita;+7 (927) 615-58-89;0;;https://yandex.ru/maps/org/margarita/15258718061/;4,4;69;ул. Стара-Загора, 90, Самара;
1f489f97-d56c-449f-9eb4-d0e8bcc0647d;yandex;Ути, какие ногти;+7 (902) 371-14-79;0;;https://yandex.ru/maps/org/uti_kakiye_nogti/100383508184/;5,0;51;ул. Мичурина, 139, Самара;
d9d8bdfe-0cbb-4724-aa9f-e05b2bb32d78;yandex;Окей;+7 (917) 031-31-21;0;;https://yandex.ru/maps/org/okey/165352332000/;4,9;232;ул. Победы, 84, Самара;
758b27eb-629c-4aa0-b155-4e54469f7384;yandex;Зори;+7 (917) 033-66-17;0;;https://yandex.ru/maps/org/zori/161630202636/;5,0;260;Красноармейская ул., 103, Самара;
874b4fdb-87aa-4444-b371-4c115e1d3cdc;yandex;Красиво и точка;+7 (967) 720-64-90;0;;https://yandex.ru/maps/org/krasivo_i_tochka/33023796082/;;Отзывы;;
3fbfad72-c0d7-4e10-a7ee-5c5d8445231b;yandex;Афина;+7 (963) 912-76-12;0;;https://yandex.ru/maps/org/afina/180654033638/;4,6;160;ул. Стара-Загора, 86, Самара;
ac27b12c-830d-4633-a5c5-d58e667b85ae;yandex;Lady Lico;+7 (904) 711-08-53;0;;https://yandex.ru/maps/org/lady_lico/1704573957/;4,8;240;просп. Карла Маркса, 438А, Самара;
34fd2316-8a20-4e4f-9689-eaf554265edc;yandex;Гламур;+7 (927) 607-49-90;0;;https://yandex.ru/maps/org/glamur/1690947797/;4,6;207;ул. Гагарина, 65, Самара;
02ddc7f8-5610-44d1-b857-58228c76a75d;yandex;Блонд & Брю;+7 (917) 163-12-22;0;;https://yandex.ru/maps/org/blond_bryu/38659777468/;4,8;59;Революционная ул., 70лит1, Самара;
aeafc953-ae35-4164-b68f-d54ec9189c38;yandex;Аревик Бадалян Бьюти;+7 (917) 012-66-23;0;;https://yandex.ru/maps/org/arevik_badalyan_byuti/31949647638/;5,0;49;Подстепновская ул., 3Б, квартал Южный Город-1, микрорайон Южный Город, посёлок Придорожный;
a058d6d3-b3f6-4e8c-b59c-77a5b857800c;yandex;Lindos Beauty;+7 (917) 030-03-08;0;;https://yandex.ru/maps/org/lindos_beauty/218173773278/;5,0;128;Революционная ул., 3, Самара;
e34fe096-4a9e-41bb-b53e-559cd9fc8d54;yandex;Салон красоты;+7 (903) 335-23-33;0;;https://yandex.ru/maps/org/salon_krasoty/50733648904/;4,6;66;ул. Свободы, 3, Самара;
1caad4b1-6ee2-4011-a83c-129aa2e23ecf;yandex;Рим;+7 (927) 725-30-90;0;;https://yandex.ru/maps/org/rim/1108834386/;4,6;199;Ново-Вокзальная ул., 247, Самара;
7558421a-3c2c-4d5d-8347-7d128b50e0c6;yandex;Ннкбьюти;+7 (987) 935-08-08;0;;https://yandex.ru/maps/org/nnkbyuti/230825311121/;5,0;55;Рабочая ул., 21Б, Самара;
322350c6-d925-480c-9602-005fc507845f;yandex;Anri;+7 (917) 167-62-02;0;;https://yandex.ru/maps/org/anri/220742649006/;5,0;173;ул. Советской Армии, 240Б, Самара;
f5774b99-5c58-4f3e-afea-f3e0ab927405;yandex;Стиляга & Стиль;+7 (929) 700-93-57;0;;https://yandex.ru/maps/org/stilyaga_stil/209623343233/;5,0;143;Самара, посёлок Мехзавод, 1-й квартал, 42;
a27402a4-5257-404f-aaa3-fe7a36b5294c;yandex;Студия Ирины Астанаевой;+7 (927) 728-11-52;0;;https://yandex.ru/maps/org/studiya_iriny_astanayevoy/133844884295/;4,9;34;ул. Дзержинского, 13, Самара;
3fb43a6a-6adf-4cc6-8ce9-5a7d9ed9cb8b;yandex;Алиса;+7 (927) 262-39-08;0;;https://yandex.ru/maps/org/alisa/1022196477/;4,3;65;Аэродромная ул., 111А, Самара;
78bf28df-ec58-46cf-8604-65feacebdc11;yandex;Ргоперманент;+7 (937) 215-21-55;0;;https://yandex.ru/maps/org/rgopermanent/182305120486/;4,7;51;Майская ул., 1, Самара;
d82203d7-5fab-46e6-b590-7fd44b9e652b;yandex;A. lash Studio;+7 (917) 109-59-06;0;;https://yandex.ru/maps/org/a_lash_studio/170100645317/;5,0;53;ул. Стара-Загора, 27, Самара;
5b4c9da7-b719-4254-b712-e1bbea34db5a;yandex;Прокол ушей;+7 (902) 375-52-47;0;;https://yandex.ru/maps/org/prokol_ushey/1315881292/;4,8;39;Аэродромная ул., 47А, Самара;
ce911557-f49c-4af9-9627-de8ac0b8f564;yandex;Хорошая девочка;+7 (917) 119-10-00;0;;https://yandex.ru/maps/org/khoroshaya_devochka/146960969133/;4,7;60;Молодёжная ул., 6Б, Самара;
b25775f9-6ebd-4920-8108-90a9e6d975da;yandex;Мы на Ты;+7 (987) 942-71-22;0;;https://yandex.ru/maps/org/my_na_ty/192751443038/;5,0;60;ул. Стара-Загора, 56, Самара;
5a7b0005-76a5-4ea8-aa6a-d3b81588d39a;yandex;Beauty Line;+7 (927) 908-58-48;0;;https://yandex.ru/maps/org/beauty_line/1212096181/;4,3;79;Московское ш., 145, Самара;
1a8b94d9-3a93-42e2-9876-c8c68db21886;yandex;Прованс;+7 (927) 739-10-11;0;;https://yandex.ru/maps/org/provans/28295634535/;4,0;32;Физкультурная ул., 41, Самара;
3b1eb888-c3b0-4520-81be-b9ad9fdd3aff;yandex;Лак & Мусс;+7 (917) 016-89-89;0;;https://yandex.ru/maps/org/lak_muss/56745106396/;4,7;54;ул. Мориса Тореза, 10, Самара;
2190afb0-6711-406e-a3e2-b89fce114be4;yandex;Байрус;+7 (927) 692-73-93;0;;https://yandex.ru/maps/org/bayrus/1744696188/;4,6;148;ул. Академика Платонова, 8, Самара;
69264d91-ce37-4dc4-9af2-b4b5d96654fd;yandex;Дом красоты Оксаны Швец;+7 (927) 205-72-60;0;;https://yandex.ru/maps/org/dom_krasoty_oksany_shvets/35294425758/;4,8;79;ул. Гагарина, 33, Самара;
fab826b6-0fb9-4e28-a753-153cda54441f;yandex;Кукла;+7 (937) 175-12-23;0;;https://yandex.ru/maps/org/kukla/21193418890/;4,6;49;Вольская ул., 77, Самара;
27f84b0e-b5a2-415d-b065-f5e493f80a19;yandex;Давыдова;+7 (927) 737-52-44;0;;https://yandex.ru/maps/org/davydova/152131006903/;4,6;120;3-й пр., 50Б, Самара;
09851ab1-0802-499a-9dcd-bf1a6000230a;yandex;Hey Honey Nail;+7 (846) 203-55-53;0;;https://yandex.ru/maps/org/hey_honey_nail/191514261107/;4,9;413;Молодогвардейская ул., 43, Самара;
8ff3c13e-b304-4a55-827c-b05607d6f7c1;yandex;Юлия;+7 (917) 951-13-40;0;;https://yandex.ru/maps/org/yuliya/11647796705/;2,5;27;ул. Промышленности, 289, Самара;
46724096-f89f-46ae-a64a-c7e18bca84d6;yandex;Krash;+7 (902) 424-36-55;0;;https://yandex.ru/maps/org/krash/63726697686/;5,0;30;ул. Дыбенко, 20, Самара;
e8fc827e-761c-4143-955f-fc6d073ffc11;yandex;Юлия;+7 (927) 260-07-43;0;;https://yandex.ru/maps/org/yuliya/1632352365/;4,6;52;Заводское ш., 111, Самара;
f4a0a154-2a54-4e52-a03a-304aefdac745;yandex;Парикмахерская для всей семьи;+7 (996) 736-84-25;0;;https://yandex.ru/maps/org/parikmakherskaya_dlya_vsey_semyi/104274656244/;4,1;54;ул. Антонова-Овсеенко, 12, Самара;
7ae39d24-6053-42d5-8eb4-7cc0e46eaae6;yandex;Лидер стиля;+7 (905) 300-04-36;0;;https://yandex.ru/maps/org/lider_stilya/211791457325/;3,5;28;ул. Победы, 92, Самара;
62ccd40f-ae41-461e-acd7-5170c3ab5b50;yandex;Орхидея;+7 (937) 989-12-94;0;;https://yandex.ru/maps/org/orkhideya/1609574084/;4,5;66;Отважная ул., 27, Самара;
3a637ffc-8bf5-469e-9fcd-abcf51223b42;yandex;Краузе Студио;+7 (927) 297-28-08;0;;https://yandex.ru/maps/org/krauze_studio/186816342376/;5,0;176;Никитинская ул., 10, Самара;
d1eefa0f-9f51-4b37-9eb3-1f771c2a8fe0;yandex;Лак и люкс;+7 (903) 302-66-22;0;;https://yandex.ru/maps/org/lak_i_lyuks/145456146950/;5,0;184;Молодогвардейская ул., 236, Самара;
72969f79-e279-49da-8081-fb153c560bf7;yandex;A. Arevshati;+7 (927) 260-90-54;0;;https://yandex.ru/maps/org/a_arevshati/198742925822/;5,0;132;ул. Мичурина, 124, Самара;
e10e2ca6-f802-4644-ae21-a4978584c718;yandex;Нира;+7 (917) 117-30-38;0;;https://yandex.ru/maps/org/nira/130326833226/;4,6;50;Аэродромная ул., 16, Самара;
4aafb84e-b3c5-4e7a-aec3-1f20f2fcec3c;yandex;Art-Belle;+7 (927) 739-65-97;0;;https://yandex.ru/maps/org/art_belle/138902846319/;4,2;6;ул. Советской Армии, 140, Самара;
40b657b3-4904-41e5-a514-bc6cf50f35b0;yandex;Mona Beauty;+7 (927) 741-60-61;0;;https://yandex.ru/maps/org/mona_beauty/7290575702/;5,0;57;Московское ш., 43, Самара;
b996f1ac-bb8a-49e4-a777-752c3612ba6b;yandex;Лав из нэилс;+7 (999) 171-30-26;0;;https://yandex.ru/maps/org/lav_iz_neils/183817079242/;4,8;34;Ново-Садовая ул., 106, Самара;
4f52c868-5899-4be8-b9df-692d2542920d;yandex;Friends;+7 (846) 205-44-47;0;;https://yandex.ru/maps/org/friends/227581643469/;4,9;192;Нагорная ул., 185, Самара;
358045f3-1345-416b-915d-c334fee09715;yandex;Алла;+7 (846) 331-57-80;0;;https://yandex.ru/maps/org/alla/1105772395/;4,5;132;Кромская ул., 4, Самара;
75bee963-f97c-41be-9aef-bff07ea19ec2;yandex;Катарина;+7 (846) 244-09-68;0;;https://yandex.ru/maps/org/katarina/1016194289/;4,1;89;ул. Антонова-Овсеенко, 59, Самара;
f05a6680-967b-4f47-b412-03e7256587c5;yandex;Lissstudio;+7 (917) 018-56-13;0;;https://yandex.ru/maps/org/lissstudio/134515811701/;5,0;96;Отважная ул., 29, Самара;
e7b20e0b-9ff3-48d9-936f-1695a7618f67;yandex;Зависть;+7 (917) 946-63-23;0;;https://yandex.ru/maps/org/zavist/199044513299/;;Отзывы;;
74ab529b-d587-4a07-ad86-4c92d593e855;yandex;Tessa Beauty Academy;+7 (963) 115-32-90;0;;https://yandex.ru/maps/org/tessa_beauty_academy/41928213150/;5,0;63;Московское ш., 53, Самара;
0a40900f-78f9-448f-aa70-a62ae8e883a0;yandex;Даниэль;+7 (846) 222-90-63;0;;https://yandex.ru/maps/org/daniel/195499058346/;4,4;96;ул. Советской Армии, 120, Самара;
0eaa10ad-afea-44a8-96ad-32f1ae64add1;yandex;Страна Красоты;+7 (977) 072-91-76;0;;https://yandex.ru/maps/org/strana_krasoty/75219497890/;5,0;138;ул. Гагарина, 107, Самара;
114b3e4c-4508-4abb-bc96-fb0b65b70523;yandex;Косметология Анастасия Чернова;+7 (922) 882-70-98;0;;https://yandex.ru/maps/org/kosmetologiya_anastasiya_chernova/124833745957/;4,9;29;ул. Советской Армии, 185, Самара;
1bb78f11-32d8-4bda-82a5-3cc5b4ce75cc;yandex;Pin up;+7 (987) 906-74-24;0;;https://yandex.ru/maps/org/pin_up/145365399535/;4,8;257;ул. Мичурина, 148, Самара;
b98062dd-6c2b-4517-9670-add3ea61fa3a;yandex;Fashion studio;+7 (927) 753-82-85;0;;https://yandex.ru/maps/org/fashion_studio/116753395673/;4,9;59;ул. Победы, 142, Самара;
2161e918-38ba-4fa5-ba78-8257ccc18950;yandex;Кристал;+7 (917) 116-52-61;0;;https://yandex.ru/maps/org/kristal/237382067716/;5,0;476;Красноармейская ул., 110, Самара;
71260c89-51e1-40b2-bb3d-48a2a6c4fefe;yandex;Львица;+7 (937) 980-05-27;0;;https://yandex.ru/maps/org/lvitsa/243646101061/;4,7;70;ул. Георгия Димитрова, 131, Самара;
45345408-33ef-401d-b378-608a538c08be;yandex;Skin_olga;+7 (958) 730-71-90;0;;https://yandex.ru/maps/org/skin_olga/220396466195/;5,0;300;Московское ш., 27, Самара;
90331810-56b4-4286-ad22-06e83e7a3b81;yandex;Тони Монтана;+7 (960) 813-46-56;0;;https://yandex.ru/maps/org/toni_montana/18499924451/;5,0;63;ул. Стара-Загора, 27, Самара;
701cfc8d-4416-4660-8d77-373859dc9013;yandex;Небо;+7 (927) 690-28-52;0;;https://yandex.ru/maps/org/nebo/147754006979/;4,7;113;Московское ш., 296, Самара;
c68da61b-4227-417b-ac94-9e059c72eae6;yandex;Парикмахер-стилист Алина Лазутова;+7 (967) 583-51-90;0;;https://yandex.ru/maps/org/parikmakher_stilist_alina_lazutova/215366809474/;4,9;34;ул. Осипенко, 1, Самара;
32050e89-4360-43cc-b6ca-95c6b533d325;yandex;Салон красоты Хатиры Аджиевой;+7 (909) 344-09-09;0;;https://yandex.ru/maps/org/salon_krasoty_khatiry_adzhiyevoy/138517850038/;4,9;112;ул. 22-го Партсъезда, 13, Самара;
ebd66129-7c24-4aaf-9a6d-a7b4231cf37d;yandex;In White;+7 (937) 999-66-44;0;;https://yandex.ru/maps/org/in_white/156255419348/;4,9;44;Севастопольская ул., 47, Самара;
0652df0d-d063-434f-bfc6-c55b9320f100;yandex;Стомград;+7 (927) 900-90-22;0;;https://yandex.ru/maps/org/stomgrad/105503498301/;4,8;18;ул. Мориса Тореза, 103, Самара;
dabc82f7-4c5e-418a-88c7-29be987b8e39;yandex;Студия современной стоматологии доктора Куратник В. В.;+7 (964) 258-63-63;0;;https://yandex.ru/maps/org/studiya_sovremennoy_stomatologii_doktora_kuratnik_v_v_/162807493600/;4,9;33;Ленинская ул., 119, Самара;
b8cc6758-8ef3-4c20-afdd-f386e7ef3f9e;yandex;3D Эксперт;+7 (846) 205-11-14;0;;https://yandex.ru/maps/org/3d_ekspert/9278370441/;5,0;53;Ульяновская ул., 52, Самара;
d39a5c35-2da5-49aa-9d10-0cd2ae6abc20;yandex;Dental Clinic;+7 (927) 200-08-07;0;;https://yandex.ru/maps/org/dental_clinic/191201864490/;4,3;13;ул. Мичурина, 4, Самара;
374f82bb-228f-45dd-be11-179cb1c2ac93;yandex;Lavande;+7 (927) 761-62-69;0;;https://yandex.ru/maps/org/lavande/243364640739/;5,0;50;ул. Гагарина, 84, Самара;
a40e8e83-f2a4-47e3-bc1e-4fac3d6cfeb4;yandex;Дентал;+7 (846) 224-15-44;0;;https://yandex.ru/maps/org/dental/1079237082/;3,7;19;ул. Ивана Булкина, 80, Самара;
9ef9861d-6570-4458-8be7-dceee1f85445;yandex;Мега-Мед;+7 (846) 925-81-44;0;;https://yandex.ru/maps/org/mega_med/34221897968/;5,0;145;Московское шоссе, 18-й километр, 25Б, Самара;
175b3afa-7b14-45d8-884d-bdf67bfc96e0;yandex;My Smile;+7 (917) 816-14-55;0;;https://yandex.ru/maps/org/my_smile/132877437917/;;Отзывы;Краснодонская ул., 10А, Самара;
b886eb0d-6a2f-4587-971f-6166ec65fb53;yandex;Айс Дент;+7 (846) 202-89-39;0;;https://yandex.ru/maps/org/ays_dent/21654311928/;5,0;45;Физкультурная ул., 103, Самара;
f88968bd-6196-47b6-845b-9221a13866a4;yandex;Задор;+7 (908) 367-42-38;0;;https://yandex.ru/maps/org/zador/238979884355/;4,4;9;ул. Врубеля, 15, Самара;
b1e3122c-aa68-4f2f-895d-83de7a09026d;yandex;Стоматология;+7 (987) 902-34-90;0;;https://yandex.ru/maps/org/stomatologiya/2292401500/;4,4;13;ул. Волгина, 120, Самара;
d39f4792-ac58-4352-9dc1-49a52b245b79;yandex;Кит;;0;;https://yandex.ru/maps/org/kit/140520058504/;5,0;137;Самарская ул., 70, Самара;
edc2fb46-19d1-40e5-af5b-bf158946dcd0;yandex;Денталия;+7 (927) 208-56-10;0;;https://yandex.ru/maps/org/dentaliya/1008672486/;3,7;22;Аэродромная ул., 29, Самара;
b38a0453-18c7-4ae4-b41e-5a18cb92d79b;yandex;Стоматология;+7 (846) 995-48-27;0;;https://yandex.ru/maps/org/stomatologiya/1121684999/;4,7;44;ул. Свободы, 82А, Самара;
688ca2d9-e20b-4ebd-84c9-d98bd640f627;yandex;Клиника эстетической стоматологии Марата Хасанова;+7 (929) 701-30-13;0;;https://yandex.ru/maps/org/klinika_esteticheskoy_stomatologii_marata_khasanova/2891770418/;5,0;117;Ново-Садовая ул., 134, Самара;
53e9ff95-4d96-4e9b-960b-c980a9eae393;yandex;ЕвроДент;+7 (927) 215-10-28;0;;https://yandex.ru/maps/org/yevrodent/1436286896/;4,4;38;ул. Строителей, 28, Самара;
dd4ede6a-011d-4d6a-a8e3-2e954b6d1987;yandex;Ска-дента;+7 (917) 104-54-33;0;;https://yandex.ru/maps/org/ska_denta/1071013866/;4,3;9;просп. Кирова, 273, Самара;
2ef492d4-f0f5-4acc-9591-70eaa3062d81;yandex;Сансмайл;+7 (903) 302-49-96;0;;https://yandex.ru/maps/org/sansmayl/33138488402/;4,6;71;Садовая ул., 280, Самара;
a3b85830-930a-4964-848d-f8875f5faae6;yandex;Мастер Дент;+7 (927) 704-60-10;0;;https://yandex.ru/maps/org/master_dent/1259920513/;4,7;82;ул. Шверника, 11, Самара;
d0293e07-f7f5-4f2e-81d7-18b31d2c8fcf;yandex;Реавиз;+7 (846) 212-99-42;0;;https://yandex.ru/maps/org/reaviz/56885191552/;5,0;156;ул. Советской Армии, 255А, Самара;
96b9d6e4-8dfc-4333-95db-e3fd1f9b90c0;yandex;СтомАрт;+7 (846) 228-25-30;0;;https://yandex.ru/maps/org/stomart/1022471666/;4,9;63;ул. Стара-Загора, 52, Самара;
32c45fba-d011-44d0-b1ff-2e1d0ac1d3e4;yandex;Вовремя;+7 (987) 982-48-67;0;;https://yandex.ru/maps/org/vovremya/156042152372/;4,4;26;Московское ш., 43, Самара;
a34afc4e-e379-4c33-9f8e-010df781546d;yandex;Стоматологическая клиника доктора Владимирова;+7 (919) 808-63-66;0;;https://yandex.ru/maps/org/stomatologicheskaya_klinika_doktora_vladimirova/1024067590/;4,3;8;просп. Карла Маркса, 192, Самара;
be060f4b-5b83-44fe-aa6b-a9d171b6f37c;yandex;Кинап-Мед;+7 (927) 700-98-83;0;;https://yandex.ru/maps/org/kinap_med/32718466048/;4,5;19;Лесная ул., 23, корп. 100, Самара;
3b8f8fee-7c81-4c06-92c3-6b882b9e6e31;yandex;Надежда;+7 (846) 266-50-50;0;;https://yandex.ru/maps/org/nadezhda/1017759029/;4,3;68;ул. Урицкого, 2/1, Самара;
1c974a11-4e41-4355-86f5-fd0096dd3f06;yandex;Стоматологическая клиника доктора Болонкина;+7 (846) 223-32-97;0;;https://yandex.ru/maps/org/stomatologicheskaya_klinika_doktora_bolonkina/1178202679/;4,4;25;Вольская ул., 81, Самара;
3c8dd09a-1a68-466d-89d8-6a1e3af4d07b;yandex;Нео;+7 (846) 372-10-24;0;;https://yandex.ru/maps/org/neo/79598423355/;4,9;70;ул. Гагарина, 53, Самара;
bfbd5336-0570-4d63-a72c-f1830a1b147f;yandex;Эффективная стоматология;+7 (927) 740-17-45;0;;https://yandex.ru/maps/org/effektivnaya_stomatologiya/1037163211/;4,8;39;Ново-Садовая ул., 163, Самара;
1577b0ca-2478-4c2a-897e-be239cc05ad4;yandex;Anna Palace;+7 (846) 247-60-57;0;;https://yandex.ru/maps/org/anna_palace/1042732576/;4,8;46;Ленинская ул., 119, Самара;
c6ed886f-edc7-4acb-937a-301b58b4abc0;yandex;Пигмалион;+7 (927) 692-22-14;0;;https://yandex.ru/maps/org/pigmalion/1389920604/;4,8;130;Вилоновская ул., 84, Самара;
1448e78d-ae5e-4119-a5c3-8a9b9bc39cb0;yandex;Приват праксис;+7 (964) 977-44-80;0;;https://yandex.ru/maps/org/privat_praksis/105342459083/;4,2;9;ул. Осипенко, 38, Самара;
99068c3a-cc66-4912-b7a5-86fa9305d163;yandex;Реавиз;+7 (846) 255-09-28;0;;https://yandex.ru/maps/org/reaviz/1333000000/;5,0;484;ул. Георгия Димитрова, 75, Самара;
b1d46870-7573-4beb-b481-e381900c6558;yandex;Денталия плюс;;0;;https://yandex.ru/maps/org/dentaliya_plyus/236841763450/;4,3;10;ул. Воеводина, 16, посёлок Зубчаниновка, Самара;
fd734da9-58cb-409c-a572-f05f2a66c4ec;yandex;Дент;+7 (927) 708-98-41;0;;https://yandex.ru/maps/org/dent/60589186455/;4,3;36;ул. Тухачевского, 224, Самара;
ec42da04-1abb-4c18-a086-e2d1d63094e6;yandex;Family clinic;+7 (917) 151-48-95;0;;https://yandex.ru/maps/org/family_clinic/201394770499/;5,0;176;5-я просека, 95Б, Самара;
caf839ca-224a-4459-82d1-65ce6fb38778;yandex;Белый жемчуг;+7 (917) 102-21-31;0;;https://yandex.ru/maps/org/bely_zhemchug/1365669751/;4,9;137;просп. Кирова, 399А, Самара;
26d7cf1b-d99e-41bf-99b9-de2773c923ab;yandex;ManGo;+7 (937) 643-03-33;0;;https://yandex.ru/maps/org/mango/240844254777/;5,0;50;Никитинская ул., 108, Самара;
b0f47d24-8899-44d4-9492-e251a492a5bd;yandex;Стоматология;+7 (846) 270-36-21;0;;https://yandex.ru/maps/org/stomatologiya/1074261468/;4,4;10;Ново-Садовая ул., 106, Самара;
8cfde95a-f078-4b0d-9e82-e6c1fb5d5c93;yandex;Стоматологическая клиника Беляевой;+7 (996) 730-05-05;0;;https://yandex.ru/maps/org/stomatologicheskaya_klinika_belyayevoy/32393813887/;4,4;7;просп. Кирова, 419Б, Самара;
bb1d3172-6453-4cf2-bee5-b5900a4e2de4;yandex;Эстетик Смайл;+7 (927) 732-15-47;0;;https://yandex.ru/maps/org/estetik_smayl/1337446111/;4,4;33;ул. Стара-Загора, 142, Самара;
51df5e94-c419-4703-9ba7-c63d1b92c56a;yandex;Кристалл-2;+7 (902) 375-05-03;0;;https://yandex.ru/maps/org/kristall_2/1008281741/;4,1;3;ул. Советской Армии, 243, Самара;
7108cbfb-c9af-462f-996c-f6783c099832;yandex;ОМК;+7 (846) 247-70-01;0;;https://yandex.ru/maps/org/omk/47201770076/;4,2;10;просп. Карла Маркса, 55, Самара;
c87b056b-886f-4b19-bdc3-03f79fd340cf;yandex;Эдельвейс-Дент;+7 (917) 812-57-54;0;;https://yandex.ru/maps/org/edelveys_dent/67495428694/;4,2;8;Печёрская ул., 29, Самара;
4cc2fdf1-72b2-451d-a91d-20dbce609b05;yandex;Эстет Дент Клиник;+7 (987) 151-03-03;0;;https://yandex.ru/maps/org/estet_dent_klinik/200442837385/;4,9;101;ул. Мичурина, 74, Самара;
c2979257-f435-485c-acc4-bad5f72b9fef;yandex;Денталия;+7 (996) 736-63-10;0;;https://yandex.ru/maps/org/dentaliya/1006286279/;4,3;51;ул. Свободы, 180, Самара;
76fc215c-a1eb-49ba-8e50-2b0c17529cd2;yandex;Элит-дент;+7 (927) 601-27-27;0;;https://yandex.ru/maps/org/elit_dent/1300448639/;4,2;10;ул. Георгия Ратнера, 9Б, Самара;
1f284faf-2b6f-4e9c-8fe0-fdbefc926aef;yandex;Власта;+7 (846) 240-10-09;0;;https://yandex.ru/maps/org/vlasta/238459213167/;4,7;36;6-я просека, 155, Самара;
b22e7748-caad-4b3d-85db-bd9abc7989da;yandex;Стоматология;+7 (846) 268-22-10;0;;https://yandex.ru/maps/org/stomatologiya/1241794090/;4,0;16;Революционная ул., 161, Самара;
3e71266b-8c2d-4a62-86d7-d6061084e94e;yandex;Стоматологическая клиника Доктора Иванова;+7 (846) 225-90-25;0;;https://yandex.ru/maps/org/stomatologicheskaya_klinika_doktora_ivanova/1064958150/;4,8;83;Галактионовская ул., 106А, Самара;
9d6e4bb1-d3fe-4825-8fe1-e7d9093e8d87;yandex;Никс;+7 (917) 948-95-15;0;;https://yandex.ru/maps/org/niks/1038309797/;5,0;109;ул. Стара-Загора, 56, Самара;
7aaf76c3-aa76-4592-a825-d7cc07122f1e;yandex;Водолей;+7 (927) 712-78-65;0;;https://yandex.ru/maps/org/vodoley/188620626224/;4,2;5;Ново-Вокзальная ул., 5, Самара;
f3f98417-c02f-405a-b473-20e2ff5c2588;yandex;Ирис плюс;+7 (846) 228-43-33;0;;https://yandex.ru/maps/org/iris_plyus/1131218061/;4,3;8;ул. 22-го Партсъезда, 52, Самара;
976853c4-ae29-409d-afba-68d0eb8c4877;yandex;Улыбка;+7 (927) 614-12-85;0;;https://yandex.ru/maps/org/ulybka/35641572061/;4,0;13;Вольская ул., 126, Самара;
c82b3eb9-500e-4c73-9f09-490aed97df11;yandex;Silvana;+7 (919) 800-23-23;0;;https://yandex.ru/maps/org/silvana/41637615721/;4,9;130;Партизанская ул., 82, Самара;
c20deeaf-2370-45c4-9402-a35c9df9caa1;yandex;PROident;+7 (994) 030-79-65;0;;https://yandex.ru/maps/org/proident/1105515821/;4,9;204;Ново-Садовая ул., 25, Самара;
a7d34504-fe23-4b8f-b5f2-38cb596e6b6d;yandex;Центр восстановительной стоматологии;+7 (909) 371-03-02;0;;https://yandex.ru/maps/org/tsentr_vosstanovitelnoy_stomatologii/221820481505/;5,0;173;ул. Лукачёва, 6, Самара;
52e087ba-7f5e-4d67-82a2-e7bfbf8f2e72;yandex;Эстетика улыбки;+7 (846) 313-13-47;0;;https://yandex.ru/maps/org/estetika_ulybki/227865017747/;4,6;14;ул. Мечникова, 5, Самара;
8e2c1c31-f2f4-4b69-945a-955bf232aae5;yandex;Семейная стоматология;+7 (846) 262-06-55;0;;https://yandex.ru/maps/org/semeynaya_stomatologiya/1070414833/;3,9;31;ул. Гагарина, 83А, Самара;
7379f0bb-0022-4763-b6fc-2ac4331607c0;yandex;Улыбка;+7 (937) 175-55-54;0;;https://yandex.ru/maps/org/ulybka/1707750024/;4,3;45;просп. Металлургов, 19, Самара;
e2efbe5e-dd88-4c7c-8855-bd051dbeacb7;yandex;БИОСТОМ - ДЕНТ;+7 (927) 771-14-74;0;;https://yandex.ru/maps/org/biostom_dent/94444457943/;5,0;103;ул. Маяковского, 45, Самара;
6aa9cd37-a454-4c9d-8b3f-c345ab49606f;yandex;Косолапов и Ко;+7 (846) 247-64-91;0;;https://yandex.ru/maps/org/kosolapov_i_ko/1051881519/;4,9;67;Садовая ул., 156, Самара;
72129866-d123-4891-802f-6ef104c4dee0;yandex;Панда;+7 (999) 170-34-94;0;;https://yandex.ru/maps/org/panda/25115736139/;4,1;8;Партизанская ул., 158, Самара;
e53348c0-b97e-42fd-b682-536261bc884d;yandex;Гардент;+7 (846) 244-08-09;0;;https://yandex.ru/maps/org/gardent/1317371261/;4,4;54;Физкультурная ул., 98, Самара;
0e292134-21d8-41b5-af7a-50f911e2b82b;yandex;RusArt;+7 (846) 922-88-15;0;;https://yandex.ru/maps/org/rusart/1146583284/;4,9;169;ул. Карбышева, 61, Самара;
b85d7689-9ffd-403d-9fd2-f10e8c73838b;yandex;Служба экстренной стоматологической помощи;+7 (939) 752-30-70;0;;https://yandex.ru/maps/org/sluzhba_ekstrennoy_stomatologicheskoy_pomoshchi/1000741280/;4,8;32;Самарская ул., 203, Самара;
8c1fc6b6-59cf-44b6-91ea-0819ff95cf13;yandex;Медисса;+7 (929) 705-75-00;0;;https://yandex.ru/maps/org/medissa/1135595578/;4,3;10;ул. Гастелло, 46, Самара;
eca51f53-209a-4818-ba8c-d5c2ccff3a9c;yandex;Z. Dent;+7 (917) 955-18-18;0;;https://yandex.ru/maps/org/z_dent/51495757380/;5,0;44;ул. Советской Армии, 163, Самара;
704afb0f-9d2d-44c0-90b5-8976af34f873;yandex;Дента;+7 (8453) 95-64-55;0;;https://yandex.ru/maps/org/denta/1198186057/;4,4;67;Минская ул., 32, Энгельс;
e5f3b7e6-9bcc-4cfd-8d38-f48a000471a6;yandex;Николь-дент;+7 (8452) 25-00-83;0;;https://yandex.ru/maps/org/nikol_dent/18118164823/;4,9;66;ул. имени А.С. Трынина, 2, Саратов;
752fb65c-624e-4101-afb2-3ab4d3ecb380;yandex;Клиника Стоматологии;+7 (8452) 39-24-95;0;;https://yandex.ru/maps/org/klinika_stomatologii/128921262656/;4,4;104;ул. имени А.М. Горького, 15, Саратов;
2d92351d-c7a3-46e1-bbba-6d661f43bd59;yandex;Стоматология;+7 (8453) 74-94-66;0;;https://yandex.ru/maps/org/stomatologiya/173566881915/;3,1;10;ул. Тельмана, 43, Энгельс;
2d0eda2d-537b-4045-8c6a-46fa08286351;yandex;Эстетик;+7 (929) 770-69-65;0;;https://yandex.ru/maps/org/estetik/1808967713/;4,9;196;ул. Свободы, 182, Маркс;
cf83bfc2-815f-41e3-bc83-92b803604a09;yandex;Смайл;+7 (927) 913-82-36;0;;https://yandex.ru/maps/org/smayl/1145913091/;4,9;107;Клиническая ул., 2/6, Саратов;
aa787882-58f4-4fe6-9d3a-804ba4bec1c5;yandex;Детская стоматология Константа;+7 (8452) 44-66-22;0;;https://yandex.ru/maps/org/detskaya_stomatologiya_konstanta/211565760880/;4,4;61;ул. имени С.Ф. Тархова, 27Б, Саратов;
04598d8b-3fac-49e5-941b-ab9f3eb4e21e;yandex;Валеффстом;+7 (8452) 93-89-37;0;;https://yandex.ru/maps/org/valeffstom/1401752913/;4,3;54;ул. имени Академика С.Г. Навашина, 40/2, Саратов;
5d29bca1-39cc-40a7-bfc0-e74cc5826800;yandex;НСмайл;+7 (905) 385-57-73;0;;https://yandex.ru/maps/org/nsmayl/94181179759/;4,3;7;Бахметьевская ул., 10, Саратов;
6e55e0a1-6ad0-463f-a46a-eb9ffb7177db;yandex;Стоматология комфорта;+7 (8452) 60-80-66;0;;https://yandex.ru/maps/org/stomatologiya_komforta/1241342360/;4,6;125;ул. имени С.Ф. Тархова, 31А, Саратов;
2c8cc158-3467-4f4d-82a7-156abaee0ddf;yandex;Мастер-Класс;+7 (960) 352-70-72;0;;https://yandex.ru/maps/org/master_klass/139885820083/;4,7;40;Полтавская ул., 20, Энгельс;
db2518d5-f3c8-46a9-8d1e-7af37e7be616;yandex;Улыбка;+7 (8453) 52-21-87;0;;https://yandex.ru/maps/org/ulybka/230442273732/;;"Ещё нет отзывов
Написать отзыв";ул. Ломоносова, 28, Энгельс;
1c945665-317f-4fc7-80b0-9b57898404da;yandex;Лайф Де Люкс;+7 (964) 847-26-41;0;;https://yandex.ru/maps/org/layf_de_lyuks/144632121623/;4,7;37;Астраханская ул., 114, Саратов;
5c9fe122-8520-4082-90b1-f5d6dc87a2e5;yandex;Денталвижин;+7 (987) 375-04-18;0;;https://yandex.ru/maps/org/dentalvizhin/238018575414/;4,4;33;Трудовая ул., 12/2, Энгельс;
7b5f58ed-6071-4c65-acb4-d3d9998d9f04;yandex;Стоматологическая клиника доктора Шендра;+7 (917) 021-77-36;0;;https://yandex.ru/maps/org/stomatologicheskaya_klinika_doktora_shendra/1545377419/;4,6;72;ул. имени П.Ф. Батавина, 9А, Саратов;
6436a46b-e829-421a-97d9-6a2dae405527;yandex;Ваш доктор;+7 (8452) 44-33-74;0;;https://yandex.ru/maps/org/vash_doktor/1053778859/;4,6;102;Гвардейская ул., 18Б, Саратов;
4b815ea3-252e-4a7a-8aa3-a3c950688b5c;yandex;Улыбка;+7 (8452) 77-31-66;0;;https://yandex.ru/maps/org/ulybka/238791055897/;4,2;7;Бульварная ул., 5, Саратов;
b3731030-d509-4658-acbd-ba5175d4002a;yandex;Стоматология Медгард;+7 (937) 979-89-27;0;;https://yandex.ru/maps/org/stomatologiya_medgard/7617532616/;;"Ещё нет отзывов
Написать отзыв";ул. имени А.Н. Радищева, 2, Саратов;
dddb2108-adbb-4b98-a0ce-ea89dcb18c79;yandex;ЕвроКлиник;+7 (927) 622-21-12;0;;https://yandex.ru/maps/org/yevroklinik/115218768525/;4,4;29;ул. имени И.В. Мичурина, 82/84, Саратов;
f20551d5-e0f2-4afe-ab78-76cbf1ed63e3;yandex;Барракуда;+7 (906) 311-58-88;0;;https://yandex.ru/maps/org/barrakuda/19044400803/;4,8;41;ул. имени Н.В. Кузнецова, 11, Саратов;
232a67d8-7fc9-41fd-b3b5-019f0f9b003f;yandex;Виктория;+7 (8452) 98-82-88;0;;https://yandex.ru/maps/org/viktoriya/1673713824/;4,3;21;Шелковичная ул., 155/161, Саратов;
48827e5c-33a4-4730-b5eb-393e7bfdb79c;yandex;СуперСтом;+7 (8452) 96-05-55;0;;https://yandex.ru/maps/org/superstom/1672627660/;4,4;21;Барнаульская ул., 2А, Саратов;
e85f949f-681c-450e-aaa8-0469f381d818;yandex;Ал-ма Мед;+7 (902) 710-77-00;0;;https://yandex.ru/maps/org/al_ma_med/146322234429/;5,0;66;3-й Солдатский пр., 1В, Саратов;
493a7ecc-9da4-4a7a-a3dd-1e9d99b4fcd7;yandex;Биодент;+7 (986) 089-71-89;0;;https://yandex.ru/maps/org/biodent/188013210224/;;1;просп. Героев Отечества, 4, Саратов;
743836c3-86d6-4300-8bdc-22e5aabad5ca;yandex;Стоматология;+7 (8452) 52-80-30;0;;https://yandex.ru/maps/org/stomatologiya/1390820085/;4,3;27;Большая Садовая ул., 82/90, Саратов;
2d3a08b6-15c7-4557-be87-e4ac743de7bc;yandex;Феро-Дент;+7 (927) 222-93-35;0;;https://yandex.ru/maps/org/fero_dent/107201261134/;4,0;6;ул. имени Михаила Булгакова, 6, Саратов;
e92c640d-5e3b-4c43-a665-d633e02d57a9;yandex;Бис;+7 (903) 381-46-75;0;;https://yandex.ru/maps/org/bis/1911558309/;4,7;27;ул. имени Е.И. Пугачёва, 115, Саратов;
efb580f1-e666-45ea-b0b8-a7e6ef637dbb;yandex;Жемчужина;+7 (8452) 25-57-37;0;;https://yandex.ru/maps/org/zhemchuzhina/172701378173/;3,4;24;ул. имени Академика О.К. Антонова, 6, Саратов;
9144d243-4ac3-40ea-b6b5-abdf7cfcfce7;yandex;Стелла;+7 (8453) 55-02-72;0;;https://yandex.ru/maps/org/stella/6033504053/;4,0;58;ул. Мясокомбинат, 20, рабочий посёлок Приволжский;
a7ddd4d0-f55f-4c1c-b717-1df6f96a44dc;yandex;Константа;+7 (8452) 44-66-99;0;;https://yandex.ru/maps/org/konstanta/1092022842/;4,4;128;ул. имени К.Г. Уфимцева, 1, Саратов;
5c818993-06e3-48e0-8a9d-f9dcd0f6573c;yandex;Центрикс;+7 (965) 884-56-54;0;;https://yandex.ru/maps/org/tsentriks/89501842374/;4,7;186;ул. Карла Либкнехта, 73Б, Маркс;
0b4c176e-bd1a-424c-9eeb-6ee2d6c9f8b7;yandex;Профессионал;+7 (917) 305-98-92;0;;https://yandex.ru/maps/org/professional/1107272924/;4,9;231;ул. Космонавтов, 13, Энгельс;
d14cec8e-12b7-4bc8-87da-ecace43a5c27;yandex;Вива Дент;;0;;https://yandex.ru/maps/org/viva_dent/194185802495/;;"Ещё нет отзывов
Написать отзыв";рабочий посёлок Приволжский, микрорайон Энгельс-19, 3-й квартал, 14;
9541df29-0a8a-436c-b6fe-654e2d39b1dc;yandex;Дина;+7 (8452) 73-42-33;0;;https://yandex.ru/maps/org/dina/1178671020/;4,6;39;просп. имени Петра Столыпина, 31/35, Саратов;
54afff6d-8133-40da-8207-1148d10ae687;yandex;Smile K;+7 (8452) 21-27-95;0;;https://yandex.ru/maps/org/smile_k/1637804021/;4,5;63;Полтавская ул., 20, Энгельс;
c13490a4-7c48-47ab-9abf-05f538834fca;yandex;Пломбир;+7 (8452) 65-03-08;0;;https://yandex.ru/maps/org/plombir/199836791003/;5,0;139;ул. имени С.П. Лисина, 7А, Саратов;
952be00c-68c6-4994-bcee-f03ff633be57;yandex;Мед оптима;+7 (8452) 47-77-88;0;;https://yandex.ru/maps/org/med_optima/1079701558/;4,8;137;ул. имени С.Ф. Тархова, 39, Саратов;
93f12f4b-5a78-4b43-9c1b-7faa29d713e2;yandex;Семейный доктор;+7 (8453) 75-18-18;0;;https://yandex.ru/maps/org/semeyny_doktor/1252279256/;4,3;245;ул. Мясокомбинат, 2А, рабочий посёлок Приволжский;
778026ff-d478-4828-a492-1d596e9d681f;yandex;Призма;+7 (8452) 65-35-35;0;;https://yandex.ru/maps/org/prizma/239291485195/;5,0;77;просп. имени 50 лет Октября, 107А, Саратов;
8aee78f3-49a4-4cfb-892c-ec92258afc16;yandex;Добрый доктор;+7 (8452) 96-72-92;0;;https://yandex.ru/maps/org/dobry_doktor/1098639311/;4,3;56;Кавказская ул., 11, Саратов;
6117c5f5-1ee6-4cef-a822-23bf6748f003;yandex;Стоматология;;0;;https://yandex.ru/maps/org/stomatologiya/236901467153/;4,3;65;пер. Калинина, 2А, Маркс;
e1053bef-e68e-4b65-958e-59b66deec083;yandex;СафДент;+7 (929) 777-04-74;0;;https://yandex.ru/maps/org/safdent/120049870189/;5,0;211;ул. имени И.П. Бардина, 10Б, Саратов;
38f06826-1994-4e74-8326-9fb33ee9a62a;yandex;Клиника Dr. Мелешина и коллеги;+7 (8452) 39-52-50;0;;https://yandex.ru/maps/org/klinika_dr_meleshina_i_kollegi/106883874503/;5,0;48;ул. имени Н.И. Вавилова, 51/57, Саратов;
c38056f4-cca5-47d7-ae72-9cd5a11a8177;yandex;АРС Стом;+7 (8452) 44-80-10;0;;https://yandex.ru/maps/org/ars_stom/178558624556/;3,8;14;ул. имени С.П. Лисина, 16А, Саратов;
9a1418c0-55a3-497b-9912-10c1b86abdf2;yandex;Стоматология;;0;;https://yandex.ru/maps/org/stomatologiya/185678844408/;4,1;4;ул. имени И.П. Бардина, 10Б, Саратов;
55b340d0-9f18-49e6-9ee6-c1b0becac3c8;yandex;Зубная академия;+7 (8452) 70-43-43;0;;https://yandex.ru/maps/org/zubnaya_akademiya/1589901104/;4,4;60;ул. имени П.Ф. Батавина, 12, Саратов;
041b0a6d-53e5-4e94-8c4a-cb53590a85b0;yandex;На Стрелке;+7 (8452) 79-41-69;0;;https://yandex.ru/maps/org/na_strelke/1147831267/;4,6;76;просп. имени 50 лет Октября, 7, Саратов;
0db5a2cd-dc0c-4e04-b491-41a8e702aac1;yandex;Дентас;+7 (8452) 22-66-62;0;;https://yandex.ru/maps/org/dentas/5460467758/;;Отзывы;2-я Садовая ул., 11, Саратов;
f4649ea1-7925-40ed-9070-9e8ff95878e6;yandex;Denta-vias;+7 (8452) 23-30-10;0;;https://yandex.ru/maps/org/denta_vias/1074283475/;4,6;126;ул. имени Н.А. Некрасова, 43А, Саратов;
198b5605-2baf-4d98-aa8e-a607a2df8cd0;yandex;Улыбка на 32;+7 (8452) 21-94-15;0;;https://yandex.ru/maps/org/ulybka_na_32/1642873131/;4,6;57;Центральная ул., 9, посёлок Дубки;
fe0867d3-091d-49c7-bc18-6d38865d6942;yandex;Стоматологическая клиника Алсу;+7 (905) 386-36-16;0;;https://yandex.ru/maps/org/stomatologicheskaya_klinika_alsu/140372084171/;3,8;25;ул. Танкистов, 15, Саратов;
5932af6d-4bbb-4c2f-bcb4-960e37227957;yandex;Инная студия;+7 (937) 255-24-25;0;;https://yandex.ru/maps/org/innaya_studiya/157683787518/;4,9;97;Большая Садовая ул., 139, Саратов;
03f3e12a-4c04-4abf-ba9b-9bac61b481f4;yandex;Joli Lux;+7 (927) 114-38-22;0;;https://yandex.ru/maps/org/joli_lux/80470567566/;4,8;226;Первомайская ул., 47/53, Саратов;
382c0a06-7d0b-431e-b219-02ef61d43e60;yandex;S'nova;+7 (905) 321-90-91;0;;https://yandex.ru/maps/org/s_nova/89817832146/;4,8;152;Ламповая ул., 7, Саратов;
7e020098-474b-46ee-b76c-cf7e1561c551;yandex;Lucky Nail;+7 (937) 243-55-84;0;;https://yandex.ru/maps/org/lucky_nail/228027307411/;4,9;160;Первомайская ул., 47/53, Саратов;
0cad7c28-3f2b-47cf-8465-6b8c8ad8828e;yandex;Ева;+7 (962) 620-49-04;0;;https://yandex.ru/maps/org/yeva/32733371640/;4,4;34;Соколовая ул., 44/62, Саратов;
aa92ceb1-df7b-4ccf-8efb-ee19dc18cc86;yandex;Лаванда;+7 (917) 303-05-35;0;;https://yandex.ru/maps/org/lavanda/37722345254/;5,0;83;просп. Строителей, 66, Саратов;
1c4a2c0c-c627-4213-acd7-ccf25b7bc968;yandex;Окрашивание и ламинирование бровей;+7 (908) 555-75-25;0;;https://yandex.ru/maps/org/okrashivaniye_i_laminirovaniye_brovey/150218173890/;4,4;10;Кавказская ул., 22, Саратов;
2ce8ef36-27df-4f7c-b9b1-33c6911981b1;yandex;Анабель;+7 (8452) 48-88-99;0;;https://yandex.ru/maps/org/anabel/63838128836/;4,6;155;площадь имени Г.К. Орджоникидзе, 11, Саратов;
a17c7311-c724-4e90-9c34-9047e85bfaf2;yandex;Бакулука;+7 (985) 671-28-66;0;;https://yandex.ru/maps/org/bakuluka/191963040834/;4,9;64;ул. имени И.В. Мичурина, 45, Саратов;
54ff57b9-c268-4b22-b46c-9480c8fc5da2;yandex;Идеал;+7 (8452) 71-00-73;0;;https://yandex.ru/maps/org/ideal/220054054925/;4,7;108;Усть-Курдюмская ул., 7Д, Саратов;
ceddb38a-f33f-47ba-a068-80c6ad5695b6;yandex;Штрихи;+7 (951) 883-12-84;0;;https://yandex.ru/maps/org/shtrikhi/106993237536/;4,9;90;ул. имени Н.Г. Чернышевского, 55Д, Саратов;
96ec61d4-9541-4284-9cb8-5e75fdc038c0;yandex;Дорогая;+7 (927) 123-55-33;0;;https://yandex.ru/maps/org/dorogaya/14799355584/;4,9;203;2-й пр. имени Ф.А. Блинова, 8, Саратов;
f078b9f8-07cf-424a-b6bb-16f52db3c09c;yandex;Династия Красоты;+7 (927) 277-99-19;0;;https://yandex.ru/maps/org/dinastiya_krasoty/145802497036/;4,9;119;ул. имени С.Ф. Тархова, 27, Саратов;
05ff9015-df8a-4e30-978e-884122a11180;yandex;Joli Lux;+7 (909) 332-18-40;0;;https://yandex.ru/maps/org/joli_lux/144920429270/;5,0;133;ул. имени Сакко и Ванцетти, 31, Саратов;
cdb4f119-08f1-4c44-ba14-0c2c7ffd464c;yandex;Особа;+7 (927) 154-60-90;0;;https://yandex.ru/maps/org/osoba/151823396234/;4,2;7;Петровская ул., 100, Энгельс;
c572fbde-d2ea-4242-bafc-339bf3b6b98d;yandex;Карамель;+7 (996) 626-60-47;0;;https://yandex.ru/maps/org/karamel/105860895774/;5,0;200;Гвардейская ул., 23, Саратов;
a63cdbc8-d0da-401f-974d-fedd71258a47;yandex;Delice;+7 (8452) 60-37-73;0;;https://yandex.ru/maps/org/delice/1197361617/;5,0;212;Астраханская ул., 10/20, Саратов;
197dd2be-f6ca-49ca-8a3d-9ae6f345d445;yandex;Студия перманентного макияжа;+7 (917) 981-17-33;0;;https://yandex.ru/maps/org/studiya_permanentnogo_makiyazha/196933479575/;5,0;43;просп. имени 50 лет Октября, 116Б, Саратов;
df683d70-59ba-455c-b4fb-555207b8c16c;yandex;Офелия;+7 (900) 313-25-25;0;;https://yandex.ru/maps/org/ofeliya/182786741294/;4,8;143;ул. Тельмана, 6, Энгельс;
6ef17816-b368-4b65-874f-a5f22a9d3788;yandex;Муза - Марии Андреевой;+7 (937) 145-44-66;0;;https://yandex.ru/maps/org/muza_marii_andreyevoy/174828236475/;5,0;110;Астраханская ул., 87, Саратов;
fa2a64c6-1b00-488f-9526-bbc17224619c;yandex;Вау! Бьюти лаб;+7 (961) 644-04-21;0;;https://yandex.ru/maps/org/vau_byuti_lab/245451991495/;5,0;147;ул. имени Г.К. Орджоникидзе, 13, Саратов;
d9147823-9440-4b00-a8d3-99780a109e73;yandex;Основа;+7 (905) 388-44-88;0;;https://yandex.ru/maps/org/osnova/216046209530/;5,0;135;ул. имени Н.В. Гоголя, 1, Саратов;
9e71cb0c-3043-458b-8ebe-7b8e2ab41405;yandex;Flambe;+7 (937) 818-65-55;0;;https://yandex.ru/maps/org/flambe/5713115965/;4,5;70;ул. имени И.В. Мичурина, 113, Саратов;
93bd888a-a6dd-4ae5-97b3-1d8a8ba930ec;yandex;Имидж & Дизайн;+7 (902) 040-58-70;0;;https://yandex.ru/maps/org/imidzh_dizayn/1314392138/;4,6;76;Московская ул., 13, Саратов;
a7d7cdf7-b1d7-4f20-8e59-a4b365641604;yandex;Счастливые люди Её Секреты;+7 (937) 257-32-11;0;;https://yandex.ru/maps/org/schastlivyye_lyudi_yeyo_sekrety/178594527475/;5,0;186;ул. имени Академика О.К. Антонова, 26, Саратов;
fa863593-c4ef-47a1-a8c1-9e52fb4f824d;yandex;Черри Леди;+7 (8452) 58-77-58;0;;https://yandex.ru/maps/org/cherri_ledi/1535382590/;4,9;137;ул. имени Н.Г. Чернышевского, 221, Саратов;
146fee2a-9d2c-4167-8c67-c7ef3d902b30;yandex;Перманент Ефремова;+7 (917) 312-63-23;0;;https://yandex.ru/maps/org/permanent_yefremova/227424436505/;5,0;37;Соборная ул., 42, Саратов;
8a71c19a-4abb-4557-b53c-21a1434c98b9;yandex;Звездный стиль;+7 (987) 303-46-63;0;;https://yandex.ru/maps/org/zvezdny_stil/202402709168/;4,5;94;Техническая ул., 3, Саратов;
d423daf0-18ae-4ed8-be85-0d831aa10f6f;yandex;Студия Анны Чикуновой;+7 (927) 910-51-91;0;;https://yandex.ru/maps/org/studiya_anny_chikunovoy/11723282701/;5,0;133;Соколовая ул., 18/40, Саратов;
96088ac0-ba5c-4a27-aef3-180f07a0146d;yandex;Гладкие решения;+7 (8452) 91-81-89;0;;https://yandex.ru/maps/org/gladkiye_resheniya/91808741272/;5,0;40;ул. имени Е.И. Пугачёва, 54/62, Саратов;
1c3f0273-290c-4218-999a-f73c43e9d65e;yandex;Студия кератинового выпрямления Адаменковой;+7 (987) 374-45-86;0;;https://yandex.ru/maps/org/studiya_keratinovogo_vypryamleniya_adamenkovoy/240243900006/;4,8;27;просп. имени Петра Столыпина, 24, Саратов;
93a54d7f-f55c-43e2-a3be-4046239b8b7e;yandex;Divine;+7 (987) 359-15-75;0;;https://yandex.ru/maps/org/divine/146568769450/;4,4;52;Соколовая ул., 214, Саратов;
f0e6d951-6ecd-41b6-ba74-98a23b8c865a;yandex;Lisa Beauty;+7 (8452) 25-25-95;0;;https://yandex.ru/maps/org/lisa_beauty/140879659354/;4,3;25;Тулупная ул., 8/194, Саратов;
eb98ba00-1a84-49a4-90d4-20453627c0d5;yandex;МодаМо;+7 (996) 200-77-44;0;;https://yandex.ru/maps/org/modamo/233516939760/;4,9;83;ул. имени Сакко и Ванцетти, 12, Саратов;
0e902df7-2813-405f-b73b-b8a21e43a412;yandex;Вилакрум;+7 (917) 310-13-70;0;;https://yandex.ru/maps/org/vilakrum/157245467287/;5,0;71;просп. Фридриха Энгельса, 4, Энгельс;
319a0202-3db8-4bdc-af13-cf18ce03dd11;yandex;Прайм салон красоты;+7 (991) 195-41-76;0;;https://yandex.ru/maps/org/praym_salon_krasoty/41209242325/;5,0;178;Зелёный пер., 13, Энгельс;
fabce814-6525-4a76-ba19-eb61faf75f76;yandex;Malina;+7 (906) 152-74-80;0;;https://yandex.ru/maps/org/malina/105739361241/;5,0;163;ул. имени С.П. Лисина, 16А, Саратов;
42f2c134-369e-4499-80bd-d188a58c4470;yandex;ДжуДжу;+7 (937) 266-51-05;0;;https://yandex.ru/maps/org/dzhudzhu/125008289887/;5,0;315;ул. имени Н.А. Некрасова, 43А, Саратов;
bf21538c-051d-4be4-9703-bf3ec3847862;yandex;Геометрия;+7 (909) 339-43-04;0;;https://yandex.ru/maps/org/geometriya/133279063804/;4,7;57;Университетская ул., 17/25, Саратов;
7e566976-c8cd-4b53-86bc-dce23a8e7d6a;yandex;История красоты;+7 (927) 139-62-00;0;;https://yandex.ru/maps/org/istoriya_krasoty/208772122850/;4,8;27;просп. Строителей, 42/2, Саратов;
1b1d1598-2c28-43fe-b333-6a6a594e06aa;yandex;Фантазия;+7 (962) 616-19-16;0;;https://yandex.ru/maps/org/fantaziya/1208143474/;4,7;103;Университетская ул., 87, Саратов;
76bdcc9f-3fda-4eef-bdb3-fb05407dfe20;yandex;ЛиЛак;+7 (996) 200-06-05;0;;https://yandex.ru/maps/org/lilak/106211921686/;4,7;201;ул. имени С.Ф. Тархова, 28, Саратов;
6bc5a3b4-4bb3-4416-a5fa-9e29214f9ac7;yandex;Ричвуд;+7 (902) 717-24-01;0;;https://yandex.ru/maps/org/richvud/54555075214/;4,9;31;ул. имени Академика Н.Н. Семёнова, 21, Саратов;
0fe0353a-ee3a-4f36-8edd-bddf5edd0d4c;yandex;БлАЖити;+7 (927) 138-28-45;0;;https://yandex.ru/maps/org/blazhiti/106560453863/;4,9;45;Соборная ул., 38, Саратов;
ed5a5b5b-0e78-4e86-a9a4-6c9cb4ef2d38;yandex;Славянская Лиса;+7 (993) 633-96-38;0;;https://yandex.ru/maps/org/slavyanskaya_lisa/43033463423/;5,0;56;ул. имени И.В. Мичурина, 144/148, Саратов;
43a745f2-35d5-4264-924d-e307405a43fa;yandex;Olton_hair;+7 (927) 220-58-58;0;;https://yandex.ru/maps/org/olton_hair/190381566037/;4,9;36;просп. Героев Отечества, 6А, Саратов;
b9111f75-0f88-4c55-8c44-6e98a5a180e4;yandex;Селена;+7 (8452) 55-21-83;0;;https://yandex.ru/maps/org/selena/1090522754/;4,0;87;просп. имени 50 лет Октября, 34/56, Саратов;
0324252a-521d-4c75-899b-e5dca73d84b6;yandex;Luriz;+7 (986) 983-60-14;0;;https://yandex.ru/maps/org/luriz/1726338336/;5,0;201;ул. имени В.Г. Рахова, 195/197, Саратов;
ef51404f-3e98-4950-8000-45f4318092b4;yandex;Бьюти Холл;+7 (8452) 65-86-59;0;;https://yandex.ru/maps/org/byuti_kholl/1595244013/;4,8;234;просп. имени 50 лет Октября, 15, Саратов;
dd21c3f0-c9b9-412b-adc4-fad10f3150b2;yandex;У Ведьмы;+7 (987) 822-42-47;0;;https://yandex.ru/maps/org/u_vedmy/109227381390/;5,0;93;просп. имени 50 лет Октября, 122, Саратов;
a84ed2a9-3e19-45c7-8cbe-e4992bae389c;yandex;Марго;+7 (901) 820-00-07;0;;https://yandex.ru/maps/org/margo/236424888646/;5,0;127;Вольская ул., 39, Саратов;
38f5e15f-24f0-4224-a831-f1e090f90e75;yandex;Юлия;+7 (8452) 32-32-73;0;;https://yandex.ru/maps/org/yuliya/1656599362/;4,8;215;ул. имени П.Ф. Батавина, 13А, Саратов;
cb54fb1f-eb98-4f5b-9b69-943be0594ab5;yandex;Mon Amie;+7 (8452) 25-68-80;0;;https://yandex.ru/maps/org/mon_amie/1744008130/;4,8;171;ул. имени Н.В. Исаева, 24, Саратов;
a1ad77b1-d304-40a6-871d-5ee4063fdb2c;yandex;Таам, где ценят;+7 (937) 633-66-56;0;;https://yandex.ru/maps/org/taam_gde_tsenyat/160859437772/;5,0;278;Техническая ул., 14, Саратов;
56cbafe4-753c-4fab-beeb-8a6f301b1441;yandex;Lili;+7 (917) 027-26-60;0;;https://yandex.ru/maps/org/lili/241424581002/;4,8;78;ул. имени К.П. Панченко, 2, Саратов;
26471216-0315-4a6e-bd95-8ecc61ab7253;yandex;Студия Ирины Остроумовой;+7 (917) 022-14-34;0;;https://yandex.ru/maps/org/studiya_iriny_ostroumovoy/143356059459/;5,0;56;ул. Максима Горького, 13, Энгельс;
d3ff087b-c569-4e82-a2df-fca0e726b08f;yandex;Mon Salon;+7 (987) 302-90-60;0;;https://yandex.ru/maps/org/mon_salon/30135516664/;4,4;13;ул. имени Н.А. Некрасова, 43А, Саратов;
03be3118-0a79-4373-8344-2861233c13ac;yandex;Культура;+7 (937) 808-41-58;0;;https://yandex.ru/maps/org/kultura/91980256489/;4,7;53;ул. имени И.В. Мичурина, 45, Саратов;
654c7865-7437-433f-87ca-226102857ee2;yandex;Сёстры;+7 (900) 310-22-33;0;;https://yandex.ru/maps/org/syostry/166447979439/;4,4;44;ул. имени Челюскинцев, 58, Саратов;
2c2ff336-8f00-4d8d-90cd-b43938877518;yandex;Ольга;+7 (906) 315-87-89;0;;https://yandex.ru/maps/org/olga/1269438092/;4,4;93;ул. имени Д.В. Емлютина, 51, Саратов;
6af07573-5c08-4464-8457-94d5cdca92e4;yandex;L. Art;+7 (967) 504-66-94;0;;https://yandex.ru/maps/org/l_art/72408491098/;5,0;320;Советская ул., 9/30, Саратов;
29890136-662e-4379-8c45-2ae5387974f8;yandex;СтарЛазер;+7 (927) 625-11-00;0;;https://yandex.ru/maps/org/starlazer/29140132578/;5,0;94;ул. Тельмана, 132, Энгельс;
357e83a9-f544-43d8-8f29-ba3ef19a833c;yandex;The Muse;+7 (995) 640-88-10;0;;https://yandex.ru/maps/org/the_muse/239444613073/;5,0;46;Рабочая ул., 145А, Саратов;
3ba2d639-cde9-4bd7-8849-8d377c053800;yandex;Kristina;+7 (917) 210-64-29;0;;https://yandex.ru/maps/org/kristina/174491772636/;5,0;48;просп. имени 50 лет Октября, 107А, Саратов;
9928a5ce-993f-4405-a5d1-371806a075a9;yandex;Ламарка;+7 (917) 219-95-47;0;;https://yandex.ru/maps/org/lamarka/208883249284/;5,0;54;ул. имени Академика Н.Н. Семёнова, 11, Саратов;
9c534154-d5e9-4cc8-88ce-39365b6cf0a1;yandex;Ваши прядки;+7 (8452) 44-84-81;0;;https://yandex.ru/maps/org/vashi_pryadki/23005557111/;4,3;194;Гвардейская ул., 18Б, Саратов;
39db3fe5-99a3-454a-91cc-2cd9c2f897a6;yandex;Фрэш;+7 (961) 649-36-93;0;;https://yandex.ru/maps/org/fresh/1311288896/;4,1;91;Усть-Курдюмская ул., 4, Саратов;
b1d56e16-a323-474f-b368-ed9ed0d7a294;yandex;Мир красоты;+7 (8452) 50-90-75;0;;https://yandex.ru/maps/org/mir_krasoty/1130367565/;4,3;113;Университетская ул., 57, Саратов;
532cbd4c-d59a-4dcb-af30-3b710ec235c5;yandex;Мастерская причёсок и макияжа А. Безрученко;+7 (909) 340-91-08;0;;https://yandex.ru/maps/org/masterskaya_prichyosok_i_makiyazha_a_bezruchenko/237413444351/;5,0;82;ул. имени Н.Г. Чернышевского, 88А, Саратов;
3b8a952e-96db-4e95-b4a0-696e84da6482;yandex;Luna30;+7 (902) 710-09-28;0;;https://yandex.ru/maps/org/luna30/67342192289/;5,0;200;Лунная ул., 30, Саратов;
bad3b3b4-8475-4fab-b5d1-c4d6d32d4703;yandex;Бьюти Пространство;+7 (999) 752-22-92;0;;https://yandex.ru/maps/org/byuti_prostranstvo/33904299746/;4,8;43;Московская ул., 96, Саратов;
5210de86-2aa8-4c9d-bc61-26fe83682c6a;yandex;Студия реконструкции волос;+7 (993) 945-36-67;0;;https://yandex.ru/maps/org/studiya_rekonstruktsii_volos/13936631532/;5,0;60;просп. Фридриха Энгельса, 4А, Энгельс;
2eda4250-beb5-430c-9750-750bbef008d4;yandex;On Beauty;+7 (909) 333-03-88;0;;https://yandex.ru/maps/org/on_beauty/84155651764/;4,8;28;ул. имени Академика С.Г. Навашина, 6А, стр. 1, Саратов;
3e9139c6-3223-403b-8916-010421946cfc;yandex;Ваши прядки;+7 (8452) 25-18-81;0;;https://yandex.ru/maps/org/vashi_pryadki/27560409813/;4,4;236;Высокая ул., 12А, Саратов;
5926f3df-3354-4071-9f2b-94b4f95f1e43;yandex;Венера;+7 (937) 634-50-00;0;;https://yandex.ru/maps/org/venera/1066432371/;4,3;58;Вольская ул., 11, Саратов;
a8e1510c-9aa8-468c-9842-95e53deca9ff;yandex;KrasiVo;+7 (927) 133-85-23;0;;https://yandex.ru/maps/org/krasivo/54892681566/;4,7;41;ул. имени Н.Г. Чернышевского, 110, Саратов;
31a0d216-861d-434c-ab63-e1011807d370;yandex;Grasse;+7 (903) 380-99-85;0;;https://yandex.ru/maps/org/grasse/173356816182/;4,8;72;ул. имени И.С. Кутякова, 134, Саратов;
2b5e8fdc-c9bb-4256-a171-55b2310d00f4;yandex;Бьюти-Индустрия;+7 (905) 322-88-36;0;;https://yandex.ru/maps/org/byuti_industriya/224082192648/;4,7;16;наб. имени Генерал-лейтенанта М.М. Рудченко, 7, Энгельс;
8bb69989-1be5-4bf0-a450-682f4471f393;yandex;Лакомания;+7 (904) 706-76-00;0;;https://yandex.ru/maps/org/lakomaniya/125435752630/;5,0;48;ул. Танкистов, 60, Саратов;
f7bc3168-bf5e-4ba0-996f-cac4cfd49ba4;yandex;Лори;+7 (8452) 20-36-89;0;;https://yandex.ru/maps/org/lori/1677588840/;4,4;49;2-я Садовая ул., 2, Саратов;
d6d27462-1556-41e9-be6b-81841412644d;yandex;Карамель;+7 (927) 622-76-46;0;;https://yandex.ru/maps/org/karamel/169599924505/;4,3;46;ул. имени Н.И. Вавилова, 59/65, Саратов;
6ac2a799-a42c-4120-8688-701f9e4dae68;yandex;Бюро Красоты;+7 (993) 100-98-83;0;;https://yandex.ru/maps/org/byuro_krasoty/200283082775/;4,9;98;ул. Маяковского, 48А, Энгельс;
e42ee848-a60a-4ad4-9c96-5ecfd9a28e1c;yandex;Зона Красоты;+7 (905) 368-39-59;0;;https://yandex.ru/maps/org/zona_krasoty/87396482332/;5,0;70;ул. Свердлова, 13, Энгельс;
118e5987-9a13-4af1-ba39-558162122c6d;yandex;Манера;+7 (962) 629-18-81;0;;https://yandex.ru/maps/org/manera/104607307010/;5,0;168;Вольская ул., 2Д, корп. 2, Саратов;
13d88c83-9f32-44e8-b688-068fe9b4ae12;yandex;Мята;+7 (906) 307-16-20;0;;https://yandex.ru/maps/org/myata/13281126742/;5,0;435;ул. имени Н.Г. Чернышевского, 137А, Саратов;
0280eac2-d98a-41c3-8757-12692368b913;yandex;Персона;+7 (937) 225-52-30;0;;https://yandex.ru/maps/org/persona/1653152222/;4,4;84;просп. имени 50 лет Октября, 83, Саратов;
a4ec80a4-5419-4863-b33b-98b584cf9b07;yandex;Diemjoli;+7 (927) 105-41-51;0;;https://yandex.ru/maps/org/diemjoli/39607448708/;5,0;243;ул. имени Е.Ф. Григорьева, 10, Саратов;
acf30304-1c36-486e-9259-02f2ff6e5a10;yandex;Ведьма;+7 (906) 319-11-16;0;;https://yandex.ru/maps/org/vedma/51254307881/;5,0;72;Одесская ул., 75, Энгельс;
558f6bc5-7fe1-44aa-a993-6e1a80e444e3;yandex;Olivia;+7 (937) 023-02-39;0;;https://yandex.ru/maps/org/olivia/143539334680/;4,9;148;ул. имени И.В. Мичурина, 58, Саратов;
dc0faa38-69f7-4df0-b099-b9ccd32cd0b8;yandex;Чик Чик;+7 (995) 393-00-08;0;;https://yandex.ru/maps/org/chik_chik/68234990059/;5,0;75;просп. Героев Отечества, 8, Саратов;
9557d686-b33d-44bb-bf3b-9645b9f0445b;yandex;Модное место;+7 (927) 919-55-95;0;;https://yandex.ru/maps/org/modnoye_mesto/164437879166/;5,0;46;ул. имени К.П. Панченко, 7, Саратов;
b6b68ca5-aa21-4268-a9ce-945b3b102b44;yandex;Время перемен;+7 (903) 380-82-82;0;;https://yandex.ru/maps/org/vremya_peremen/20636416393/;4,9;51;Астраханская ул., 113/331, Саратов;
246dec83-fd19-4fdb-a685-af4e57db9be3;yandex;Легенда;+7 (902) 040-37-06;0;;https://yandex.ru/maps/org/legenda/1710828584/;5,0;1087;Кленовая ул., 7, Саратов;
191c4f1f-195f-44ad-b8ec-e4572f12b80c;yandex;Культура;+7 (927) 277-97-27;0;;https://yandex.ru/maps/org/kultura/177594215379/;4,9;145;Усть-Курдюмская ул., 25, Саратов;
6b7bff04-6edd-4346-84b1-a5c147bfba9d;yandex;Принцесса;+7 (8452) 64-62-00;0;;https://yandex.ru/maps/org/printsessa/212571421508/;4,7;251;Высокая ул., 1, Саратов;
1f15fc87-6d12-49a0-8913-4a83797b759a;yandex;Помогатор;+7 (8452) 46-62-09;0;;https://yandex.ru/maps/org/pomogator/240086659721/;5,0;559;Симбирская ул., 154Ж, Саратов;
00d3c83f-0f12-488f-8b24-033d72d0fb1f;yandex;Автосервис;+7 (8452) 68-15-55;0;;https://yandex.ru/maps/org/avtoservis/1852446499/;4,8;70;ул. имени С.С. Бирюзова, 14А, Саратов;
3a5b0f5c-a28e-479c-8b2f-a9942a42f2ec;yandex;Автосервис;+7 (8452) 42-42-55;0;;https://yandex.ru/maps/org/avtoservis/212462089818/;4,2;51;2-й Красноармейский тупик, 3Б, Саратов;
bba8e143-4116-40d4-a248-6018a4f1f928;yandex;Тополек Expert;+7 (987) 321-78-29;0;;https://yandex.ru/maps/org/topolek_expert/210666171946/;4,9;101;Ново-Астраханское ш., 67Л, Саратов;
3058fed1-aed6-4719-918f-48f41962bbd0;yandex;Автосервис;+7 (937) 634-33-30;0;;https://yandex.ru/maps/org/avtoservis/103617745822/;4,7;19;ул. имени С.С. Бирюзова, 14А, Саратов;
19ae099d-af2b-49e4-a298-527849840f66;yandex;Комсервис;+7 (995) 966-64-04;0;;https://yandex.ru/maps/org/komservis/43391000557/;4,8;94;Октябрьская ул., 60, Саратов;
762ec5df-7654-46cb-838c-78e57dcc480c;yandex;Дана-сервис;+7 (8452) 63-36-30;0;;https://yandex.ru/maps/org/dana_servis/1052547622/;4,3;144;2-й Красноармейский тупик, 3, Саратов;
0d70baca-7dac-4675-b5c2-8215be712dd7;yandex;Пит Стоп;+7 (8452) 22-63-08;0;;https://yandex.ru/maps/org/pit_stop/1049733172/;4,5;608;ул. имени Н.Г. Чернышевского, 88, Саратов;
b38e9296-f926-4675-8501-3bb616cf78a5;yandex;Фаворит;+7 (908) 552-39-41;0;;https://yandex.ru/maps/org/favorit/1666545129/;5,0;90;Саратов, территория Соколовая Гора, 2А;
2e2a4814-bd51-4e66-8f99-de027b94255a;yandex;СТО;+7 (903) 045-44-56;0;;https://yandex.ru/maps/org/sto/193936266803/;3,7;193;ул. Марины Расковой, 4Е, Энгельс;
e5fd2cd7-6cc8-4cc2-9ba2-774eb32cdfcb;yandex;Технопарк;+7 (8452) 40-11-12;0;;https://yandex.ru/maps/org/tekhnopark/1110452424/;4,3;916;ул. имени А.П. Шехурдина, 13, Саратов;
ef286819-4e52-43df-accf-e6fba9099184;yandex;Автостоп;+7 (937) 800-40-33;0;;https://yandex.ru/maps/org/avtostop/1796020705/;4,7;356;пер. Маяковского, 13А, Энгельс;
a0753bbf-d53a-45df-99f4-98ba9d9b48d2;yandex;Service 88;+7 (937) 225-52-99;0;;https://yandex.ru/maps/org/service_88/1313265417/;4,7;216;ул. имени И.В. Панфилова, 65А, Саратов;
7ca12efa-a25c-4427-876f-35a9347078e0;yandex;АвтоПрайд;+7 (908) 544-47-73;0;;https://yandex.ru/maps/org/avtoprayd/208325682173/;4,7;46;ул. имени А.М. Горького, 81/2, Саратов;
93474483-fa2b-4c92-8e6c-94939d681d0c;yandex;Боюнг;+7 (8452) 79-07-07;0;;https://yandex.ru/maps/org/boyung/1033587490/;4,4;556;Буровая ул., 38, Саратов;
b9f5fff9-7f1e-490e-b5bc-9cc639a84c68;yandex;Автосервис;+7 (937) 146-37-53;0;;https://yandex.ru/maps/org/avtoservis/173056857616/;4,3;57;просп. Строителей, 35В, Саратов;
10b378d2-d50f-485e-8db8-0868df2e592e;yandex;Форд;+7 (937) 225-50-88;0;;https://yandex.ru/maps/org/ford/1636485560/;4,6;56;ул. Маяковского, 294, Энгельс;
d74bd599-5a07-4e4d-9e48-a09f00feafb2;yandex;Победа;+7 (8452) 29-14-70;0;;https://yandex.ru/maps/org/pobeda/1144952656/;4,2;135;1-я Садовая ул., 102, Саратов;
a332f3bb-f30c-4490-94c2-b4a6e91557fc;yandex;Автосервис;+7 (8453) 54-64-34;0;;https://yandex.ru/maps/org/avtoservis/1589926104/;4,7;994;ул. Нестерова, 153, Энгельс;
49faad77-fe56-4fec-a509-1961e1a93bc8;yandex;Автосервис А64;+7 (8452) 60-09-64;0;;https://yandex.ru/maps/org/avtoservis_a64/202223366772/;4,9;603;Весенняя ул., 6/1, Саратов;
b8dae1cf-3d50-46fe-a883-d036fa147baf;yandex;Автосервис;+7 (906) 152-25-85;0;;https://yandex.ru/maps/org/avtoservis/1594840670/;4,4;96;ул. Колотилова, 50Б, Энгельс;
8bf1aae4-7efd-4128-8abc-e49bd2256b6d;yandex;Юнас авто;+7 (8452) 32-08-86;0;;https://yandex.ru/maps/org/yunas_avto/72617056947/;4,3;532;Соколовая ул., 87, Саратов;
fc6e8c4d-232f-410a-a142-bb625e575c27;yandex;Автокартель;+7 (937) 966-25-58;0;;https://yandex.ru/maps/org/avtokartel/69513844450/;4,7;184;Аткарская ул., 39, корп. 1, Саратов;
8bff82e8-49a4-4114-9706-1ffdf22f4918;yandex;Доктор Марио;+7 (927) 102-05-07;0;;https://yandex.ru/maps/org/doktor_mario/31169355076/;5,0;196;ул. Аэропорт, 34, стр. 2, Саратов;
641afbcf-b49b-4983-b6cc-d37c0a3bb62c;yandex;СТО;+7 (927) 912-87-12;0;;https://yandex.ru/maps/org/sto/1578752752/;4,6;178;Саратов, Буровая улица;
04cbd4a9-b86d-4dd5-b2d5-b8771e7c97c7;yandex;Авторембытсервис;+7 (902) 041-33-55;0;;https://yandex.ru/maps/org/avtorembytservis/1676914485/;4,8;398;ул. имени В.Н. Мамонтовой, 9А, Саратов;
dd24fe03-1815-4864-b35c-b317b6003e4a;yandex;Автосервис на Томской;+7 (927) 223-24-93;0;;https://yandex.ru/maps/org/avtoservis_na_tomskoy/1011069516/;4,4;839;Томская ул., 11, Саратов;
ee1e3e67-7795-45f8-8076-71c7cccf7a4e;yandex;Grand Service;+7 (919) 832-31-27;0;;https://yandex.ru/maps/org/grand_service/88266696079/;4,9;52;Воскресенская ул., 39/1, Саратов;
b246eb46-e94c-4bec-a116-c61d1078d014;yandex;Pro-sto servis;+7 (8452) 70-66-01;0;;https://yandex.ru/maps/org/pro_sto_servis/24599890261/;4,4;73;Лесозаводская ул., 32Б, Энгельс;
ec4147a1-16d2-433d-a38a-bb2e4e0bfe36;yandex;Автосервис;+7 (937) 807-10-44;0;;https://yandex.ru/maps/org/avtoservis/188100350846/;3,7;241;Центральная ул., 3Б, рабочий посёлок Приволжский;
b536e9f8-a695-4547-b66e-a97ddc8c9267;yandex;Автосервис;+7 (905) 321-49-09;0;;https://yandex.ru/maps/org/avtoservis/175462239075/;4,7;104;просп. Строителей, 45А, Энгельс;
6f738c4a-580f-47ab-b937-7f1843d05d72;yandex;Евросервис 64;+7 (8452) 25-88-08;0;;https://yandex.ru/maps/org/yevroservis_64/53106603196/;4,5;32;Саратов, посёлок Мирный, Аллейная улица;
65bcc794-89f8-418c-b029-e71ed44b8fa7;yandex;Прадо;+7 (961) 646-18-90;0;;https://yandex.ru/maps/org/prado/104361281026/;4,9;68;Усть-Курдюмская ул., 1/1, Саратов;
5d4431f4-3d59-4b7c-b24b-f621c29cdf91;yandex;Помогатор;+7 (8452) 25-26-05;0;;https://yandex.ru/maps/org/pomogator/209821336938/;4,8;589;Ново-Астраханское ш., 81, корп. 5, Саратов;
41b7e51e-551f-4f60-9abc-b592c34fcb5f;yandex;Авто-С;+7 (8452) 91-22-82 (доб. 912282);0;;https://yandex.ru/maps/org/avto_s/183761539843/;5,0;55;ул. имени А.П. Шехурдина, 43, Саратов;
3a5451a9-f127-44d8-8ac0-52e21a8d66ac;yandex;СТО;+7 (927) 155-25-06;0;;https://yandex.ru/maps/org/sto/63787919955/;4,4;44;ул. имени С.Ф. Тархова, 6В, Саратов;
eb453136-0581-47c5-872c-91b509518e69;yandex;Carro Service;+7 (960) 359-59-28;0;;https://yandex.ru/maps/org/carro_service/1706906598/;4,4;152;1-я Зеленогорская ул., 2/1, Саратов;
ca810c7a-661c-49a3-af42-0ff1426ac02c;yandex;Авто-бокс 777;+7 (937) 967-05-04;0;;https://yandex.ru/maps/org/avto_boks_777/90694298134/;4,2;21;Верхняя ул., 17, лит.З, Саратов;
9c474de2-901d-4493-891f-336ab399e708;yandex;Sprint;+7 (8452) 70-02-32;0;;https://yandex.ru/maps/org/sprint/1249113313/;4,5;208;Ново-Астраханское ш., 56Б, Саратов;
082dfb56-70ce-44e4-81d1-bee263c022ae;yandex;СервисАвто 64;+7 (8452) 46-46-22;0;;https://yandex.ru/maps/org/servisavto_64/149980411070/;5,0;48;Соколовая ул., 87, Саратов;
12474057-c6ee-43ff-ac02-cb44b47ec004;yandex;ШаманАвто;+7 (8452) 42-22-92;0;;https://yandex.ru/maps/org/shamanavto/64191384945/;4,9;62;Ново-Астраханское ш., 52, корп. 3, Саратов;
90aec7a8-3a63-4b1c-80d2-03c3bf840ffe;yandex;Garage 2000;+7 (961) 641-98-78;0;;https://yandex.ru/maps/org/garage_2000/1578132770/;4,7;212;2-я Прокатная ул., 36, Саратов;
12cb881d-dbe7-4edb-96be-24d25bad6a78;yandex;Автосервис;+7 (8452) 93-50-84;0;;https://yandex.ru/maps/org/avtoservis/1563578224/;4,6;25;ул. имени Академика О.К. Антонова, 14/2, Саратов;
925a49d3-905f-462e-acba-0c55695b62d7;yandex;Автосервис;+7 (8452) 40-84-04;0;;https://yandex.ru/maps/org/avtoservis/1172471206/;4,2;68;2-й Сторожевой пр., 3А, Саратов;
a0a02584-0c68-43b9-8413-e7cd6a618df9;yandex;Квалитет;+7 (8452) 40-00-44;0;;https://yandex.ru/maps/org/kvalitet/214790164356/;4,4;45;Вольский тракт, 1А, Саратов;
db5b86f3-5a4f-465b-84b9-5c6b249128f4;yandex;Sprint;+7 (8452) 96-76-95;0;;https://yandex.ru/maps/org/sprint/1317211730/;4,7;145;Пензенская ул., 7, Саратов;
2291277c-d849-4f5d-85eb-9b2d42d3f2cd;yandex;Автосервис;+7 (906) 151-13-92;0;;https://yandex.ru/maps/org/avtoservis/1668256517/;4,2;84;ул. Марины Расковой, 10Б, Энгельс;
28155675-dbe9-46c5-b385-4f76c8509977;yandex;Вектор Авто;+7 (8452) 77-65-77 (доб. 1);0;;https://yandex.ru/maps/org/vektor_avto/106651387577/;4,7;213;Елшанская ул., 22А, Саратов;
f2ec0e1b-a3a2-4c15-b4f3-7ecac365e1cb;yandex;Автосервис;+7 (987) 807-37-07;0;;https://yandex.ru/maps/org/avtoservis/232797322590/;4,8;41;ул. Чернышевского, 26, Энгельс;
52e0ef9d-6d72-4647-96ff-30fe76921da7;yandex;Скан Авто;+7 (951) 881-00-00;0;;https://yandex.ru/maps/org/skan_avto/1063239639/;4,4;237;Огородная ул., 162Ж, Саратов;
8941d856-d970-4080-beb0-795f82699119;yandex;Гараж на час;+7 (951) 883-71-99;0;;https://yandex.ru/maps/org/garazh_na_chas/126040209711/;5,0;129;Саратов, микрорайон Затон, 743;
9526aa3c-faff-4e5c-91e3-5313a4087c96;yandex;Viraggg;+7 (937) 241-77-75;0;;https://yandex.ru/maps/org/viraggg/241892109621/;4,2;20;Октябрьская ул., 60, Саратов;
ae66fb3c-94aa-4fec-81a5-d9df2a6f0f07;yandex;Автосервис;+7 (905) 327-36-18;0;;https://yandex.ru/maps/org/avtoservis/1227354123/;4,3;166;ул. Мира, 7В, Саратов;
ef1c0b36-c86a-4a20-b23c-806c6339aa56;yandex;Автосервис;+7 (962) 629-05-05;0;;https://yandex.ru/maps/org/avtoservis/13370632638/;4,9;118;Саратов, улица имени Е.И. Пугачёва;
33ca6a09-4342-469b-8884-df7bdf0dc83c;yandex;Тишов;+7 (965) 886-79-92;0;;https://yandex.ru/maps/org/tishov/134001738441/;5,0;401;Огородная ул., 3Е, Саратов;
38b4f5c2-79aa-407f-8e7b-c763e94601e4;yandex;Автосервис 64;+7 (937) 142-11-01;0;;https://yandex.ru/maps/org/avtoservis_64/182366393784/;4,2;19;Большая Садовая ул., 248, Саратов;
829bdc55-5707-4cc8-8f2b-57dd44d8b468;yandex;Гараж 24;;0;;https://yandex.ru/maps/org/garazh_24/1685982070/;4,3;106;1-й Масленный тупик, 1, СНТ Маслозавод-1, Саратов;
b927def6-20a9-4755-b5ab-15abb418a20e;yandex;Развалкин;+7 (8452) 25-00-41;0;;https://yandex.ru/maps/org/razvalkin/109629590739/;5,0;466;1-й Масленный тупик, 3, СНТ Маслозавод-1, Саратов;
46bce296-ff2d-4e2d-8b53-db97630d6b58;yandex;Автозона64;+7 (917) 201-29-68;0;;https://yandex.ru/maps/org/avtozona64/100532596202/;5,0;179;Хрустальная ул., 14, стр. 1, Саратов;
06e22ab7-cf86-4884-bb68-072d526d946f;yandex;Ресурс Авто;+7 (8452) 35-35-30;0;;https://yandex.ru/maps/org/resurs_avto/157001003058/;4,9;218;просп. имени 50 лет Октября, 132А, Саратов;
776cffc2-2b58-405a-8595-d96789c85fc5;yandex;Тополек эксперт;+7 (917) 021-64-75;0;;https://yandex.ru/maps/org/topolek_ekspert/182003694340/;4,7;399;просп. Химиков, 1, стр. 6, Энгельс;
115594f3-8cda-46b3-8366-b76b122e584c;yandex;Резонатор 64;+7 (908) 551-96-47;0;;https://yandex.ru/maps/org/rezonator_64/239142401705/;5,0;109;ул. имени Осипова, 28, Саратов;
618fe596-0309-4550-bd3e-7f73f62e9fe9;yandex;СТО;+7 (902) 049-61-23;0;;https://yandex.ru/maps/org/sto/185920329556/;4,2;12;Усть-Курдюмская ул., 1К, Саратов;
cf5f3d89-c6a7-4a1b-8d4a-0061eff44afd;yandex;Фаэтон;+7 (937) 968-54-11;0;;https://yandex.ru/maps/org/faeton/1101868077/;4,3;219;Дегтярная площадь, 3Г, Саратов;
901f2f42-abc3-42e8-998f-50aa26fdac0e;yandex;Easy Ride;+7 (8452) 58-08-64;0;;https://yandex.ru/maps/org/easy_ride/32692261810/;4,9;48;Крайняя ул., 234, Саратов;
29333ff3-49d6-4880-b108-3bb6f6057f7b;yandex;ПроСТО;+7 (937) 023-33-87;0;;https://yandex.ru/maps/org/prosto/160964638434/;4,9;27;Степная ул., 58А, Энгельс;
fba79047-6c4f-4110-af5b-ab85287300d7;yandex;АвтоМеханик64;+7 (937) 253-18-30;0;;https://yandex.ru/maps/org/avtomekhanik64/144291249982/;4,4;41;Саратов, территория Соколовая Гора, 1П;
65c14b8e-594e-4236-b6a7-dc8cb8c4d534;yandex;АвтоПрактика;+7 (927) 223-54-14;0;;https://yandex.ru/maps/org/avtopraktika/89491375246/;4,4;308;ул. имени В.Г. Клочкова, 31/1, Саратов;
2aa7f842-9c67-4cea-bc29-c02fc6e847c2;yandex;Автосервис;+7 (927) 620-40-26;0;;https://yandex.ru/maps/org/avtoservis/1267383976/;4,5;154;ул. Пушкина, 128, Энгельс;
44c139a2-9901-46da-91ab-c0f1120dbd3c;yandex;Газелькин Доктор;+7 (917) 321-54-76;0;;https://yandex.ru/maps/org/gazelkin_doktor/227599173299/;5,0;43;Ипподромная ул., 12, корп. 4, Саратов;
5c2ab928-bac0-4fa0-b6a2-116d531b1ab9;yandex;АвтоЭксперт;+7 (937) 816-33-99;0;;https://yandex.ru/maps/org/avtoekspert/48593334180/;4,4;115;Энгельс, 1-й микрорайон, 13Б;
953ad894-33ef-4198-a4ea-8c36cdb2b419;yandex;Автометка;+7 (909) 340-44-50;0;;https://yandex.ru/maps/org/avtometka/167381585099/;4,8;79;муниципальное образование Саратов, Гагаринский район;
9263127f-c5f8-49c5-9723-198b59ca58e4;yandex;СТО;+7 (917) 204-57-48;0;;https://yandex.ru/maps/org/sto/151933139210/;3,2;57;2-я Прокатная ул., 23В, Саратов;
fef9e393-6aab-45e1-96c4-99b482f868b9;yandex;Авто164;+7 (8452) 93-58-75;0;;https://yandex.ru/maps/org/avto164/91018878808/;4,9;179;Днепропетровская ул., 16, корп. 1, Саратов;
1fefa977-4de7-4cc4-9099-cf52e542f88c;yandex;Легион;+7 (8452) 63-91-49;0;;https://yandex.ru/maps/org/legion/1210221301/;4,3;442;ул. имени Академика О.К. Антонова, 28, Саратов;
12adafd4-65d2-4295-9a2b-b0cebe273692;yandex;Тошка;+7 (919) 837-08-78;0;;https://yandex.ru/maps/org/toshka/193691509634/;4,8;121;Большая Горная ул., 201, Саратов;
9152f419-4bf4-4a19-bc8b-b462a39689a7;yandex;АвтоМастерская;+7 (987) 331-66-29;0;;https://yandex.ru/maps/org/avtomasterskaya/144741255438/;4,8;55;Степная ул., 66, Энгельс;
0ddc4dc2-e946-4627-8960-313d3032ed05;yandex;Прайд;+7 (8452) 70-07-53;0;;https://yandex.ru/maps/org/prayd/1106601656/;4,2;191;просп. Энтузиастов, 43, Саратов;
3a9dc51c-7da6-420e-82ab-852893efa03f;yandex;КомсСервис;+7 (908) 544-38-10;0;;https://yandex.ru/maps/org/komsservis/196485649362/;5,0;42;Байкальская ул., 56, Саратов;
f1ce93fb-ce20-454f-82ea-a45bbdbf98fa;yandex;ProSTO сервис;+7 (8452) 25-35-11;0;;https://yandex.ru/maps/org/prosto_servis/5986458968/;4,8;95;Васильковская ул., 5А, Саратов;
0ed7b6e1-1448-41a3-bdbd-ac285225b572;yandex;Комфорд сервис;+7 (902) 040-60-16;0;;https://yandex.ru/maps/org/komford_servis/1250848227/;4,6;99;Аткарская ул., 66, корп. 16, Саратов;
69c38d71-5bab-4bda-9a44-f6d8b78f4ae6;yandex;АвтоМедик64;+7 (905) 387-03-66;0;;https://yandex.ru/maps/org/avtomedik64/214626576826/;5,0;30;ул. имени С.С. Бирюзова, 16А, Саратов;
6ca2e054-74d7-4e44-894f-a443ae6393a2;yandex;Автосервис164;+7 (900) 313-11-88;0;;https://yandex.ru/maps/org/avtoservis164/89291236004/;4,7;56;Московское ш., 35В, Саратов;
9c3002db-8eea-4d1d-871e-e0e5019ef110;yandex;СТО;+7 (8452) 60-88-86;0;;https://yandex.ru/maps/org/sto/114963592589/;4,5;171;Охотная ул., 15А, Саратов;
ff60c5b7-8b34-4345-a88c-22b9b62d7bf2;yandex;Авторадуга;+7 (8452) 21-25-35;0;;https://yandex.ru/maps/org/avtoraduga/149566457786/;4,5;119;ул. имени П.Т. Пономарёва, 1А, Саратов;
0e738666-862f-4e28-bff0-32eee6a398ae;yandex;Сервис Парк;+7 (902) 717-70-75;0;;https://yandex.ru/maps/org/servis_park/118899844863/;5,0;328;Ново-Астраханское ш., 56Б/1, Саратов;
727f8285-fff0-4665-bbc9-c9189cc2d9df;yandex;Тополек Expert;+7 (953) 637-17-63;0;;https://yandex.ru/maps/org/topolek_expert/1166730158/;4,4;208;Соколовая ул., 338, Саратов;
4576639b-9d31-4345-8d29-e9be55da66f5;yandex;Автосервис;+7 (908) 549-81-50;0;;https://yandex.ru/maps/org/avtoservis/128562485206/;4,0;35;Миллеровская ул., 13А, Саратов;
38fd081f-6034-450d-9f90-ff8615e73c4e;yandex;РС;+7 (927) 116-36-06;0;;https://yandex.ru/maps/org/rs/28441640495/;4,7;114;Лунная ул., 22В, Саратов;
f3880963-235b-4926-89d2-4e117abaa472;yandex;Авто Прайм;+7 (995) 393-19-80;0;;https://yandex.ru/maps/org/avto_praym/3599449064/;4,7;242;ул. имени П.М. Зыбина, 4Б/1, Саратов;
cffe6e7c-22da-410d-b430-a87010598c15;yandex;Vag Service;+7 (8452) 34-52-66;0;;https://yandex.ru/maps/org/vag_service/24374983747/;4,5;169;Рижская ул., 31А, Саратов;
3860b70b-12cc-4741-b765-ce4418e86e18;yandex;Станция техобслуживания Саркат64;+7 (964) 846-95-25;0;;https://yandex.ru/maps/org/stantsiya_tekhobsluzhivaniya_sarkat64/165908355327/;5,0;189;Пензенская ул., 10А, Саратов;
31a4e7fc-f4bf-4da1-8caa-c01895aa297c;yandex;Три медведя;+7 (927) 057-37-28;0;;https://yandex.ru/maps/org/tri_medvedya/154450455811/;5,0;217;ул. имени А.П. Шехурдина, 20А/1, Саратов;
bcfaaeea-bd7c-4caa-9ffb-5a4f92391ecf;yandex;Автосервис;+7 (8452) 35-49-59;0;;https://yandex.ru/maps/org/avtoservis/1636351001/;4,3;57;просп. имени 50 лет Октября, 128В, Саратов;
7f844950-88d1-4cf7-839a-d73fb4e46579;yandex;Автокомплекс Шурова Гора;+7 (8452) 93-02-41;0;;https://yandex.ru/maps/org/avtokompleks_shurova_gora/1566029620/;4,4;235;Тульская ул., 2Б, Энгельс;
1f412575-ed8b-48c2-ac72-42dd6f757433;yandex;Автофаворит;+7 (904) 240-10-96;0;;https://yandex.ru/maps/org/avtofavorit/176024958939/;4,2;53;Большая Горная ул., 86А, Саратов;
de11be22-c60f-4c0d-b8d0-c5759d0bf6b3;yandex;СарАвто;+7 (937) 225-00-57;0;;https://yandex.ru/maps/org/saravto/212111644355/;4,1;54;Саратов, Ленинский район;
bc9057ab-89bc-49dc-b21d-5bd9f6d7bba7;yandex;Ягуар;+7 (8452) 61-62-70;0;;https://yandex.ru/maps/org/yaguar/176777925737/;4,8;323;просп. Строителей, 35Б, Саратов;
dc56a95c-82a9-46dc-aecc-c02bb00b1506;yandex;Gtservice;+7 (8452) 25-55-00;0;;https://yandex.ru/maps/org/gtservice/193212868528/;5,0;77;8-й Вокзальный пр., 3, Саратов;
b37a5de4-adc6-4b79-9086-b87771efd1b6;yandex;Авторемонт64;+7 (8452) 53-52-95;0;;https://yandex.ru/maps/org/avtoremont64/1587985794/;4,6;221;Елшанская ул., 8Б, Саратов;
ff1533a5-ff8f-436a-a05c-be7646ca8955;yandex;Автомарт;+7 (927) 165-31-34;0;;https://yandex.ru/maps/org/avtomart/1207277875/;4,4;382;Ново-Астраханское ш., 1/2, Саратов;
4248086a-d7f0-4a54-9e98-d9ed18b26c35;yandex;Подкова;+7 (8452) 25-48-63;0;;https://yandex.ru/maps/org/podkova/19994110863/;4,7;156;Техническая ул., 16Б/1, Саратов;
04b58476-64cf-446d-a473-6170ae67881e;yandex;Автосервис;+7 (964) 878-00-08;0;;https://yandex.ru/maps/org/avtoservis/224281947298/;3,6;5;Саратов, Волжский район;
10f533dd-372c-4dd1-b518-0fe59e382d36;yandex;Специализированный ремонт пневмоподвески;8 (800) 500-87-19;0;;https://yandex.ru/maps/org/spetsializirovanny_remont_pnevmopodveski/47994223040/;4,0;19;Тракторная ул., 60А, Саратов;
06cb37c6-4e78-4e89-9afa-166b72a74444;yandex;Автофеникс 64;+7 (937) 969-28-17;0;;https://yandex.ru/maps/org/avtofeniks_64/25045076576/;4,3;23;Большая Горная ул., 124, Саратов;
33bf8594-3aa4-47cd-9f7e-2257ac1f1724;yandex;Вим Моторс;+7 (929) 776-57-66;0;;https://yandex.ru/maps/org/vim_motors/216400030690/;4,5;119;Саратов, посёлок Мирный, уч89;
1cf0b637-6de0-43a3-bcea-4c2bb6cd5f4f;yandex;Скат;+7 (902) 049-93-01;0;;https://yandex.ru/maps/org/skat/228242313467/;4,2;78;Верхняя ул., 7, Саратов;
29ba7c00-9c29-44b9-9766-cdb86bfb0834;yandex;Автостудия64;+7 (917) 313-54-20;0;;https://yandex.ru/maps/org/avtostudiya64/141385929056/;4,8;30;Усть-Курдюмская ул., 1В, Саратов;
0f7710ca-7e2f-4155-8770-76db8cf11188;yandex;Hyundai;+7 (8452) 52-28-55;0;;https://yandex.ru/maps/org/hyundai/1057628625/;4,4;79;ул. имени Е.И. Пугачёва, 157, Саратов;
924e72fb-1a78-4a23-b821-d522c88ff1e3;yandex;Вадос Сервис;+7 (927) 129-54-03;0;;https://yandex.ru/maps/org/vados_servis/105121816554/;5,0;123;Томская ул., 13Г, Саратов;
1086657d-0d39-4a1e-9236-e8647f7337d6;yandex;Автосервис;+7 (8453) 55-84-94;0;;https://yandex.ru/maps/org/avtoservis/69644229599/;4,5;16;Полиграфическая ул., 150, Энгельс;
7a01f3e7-30e9-497e-b40a-0aa8703bb75b;yandex;Автосервис, автотехцентр;+7 (986) 988-87-66;0;;https://yandex.ru/maps/org/avtoservis_avtotekhtsentr/57367993515/;4,3;21;Большая Садовая ул., 176Б, Саратов;
e7621c2d-77e7-49e5-b441-320b1aea1c7e;yandex;СТО;+7 (917) 022-61-52;0;;https://yandex.ru/maps/org/sto/188328460901/;4,6;100;муниципальное образование Саратов, село Сторожевка, Шоссейная улица;
f06f7660-e76b-44e2-bf52-6411fda1981c;yandex;Замена масла;+7 (961) 647-54-54;0;;https://yandex.ru/maps/org/zamena_masla/67343510468/;5,0;64;Ново-Астраханское ш., 44Ж, Саратов;
9e00748b-8405-48bf-b592-330e4b6a3178;yandex;Автосервис;+7 (917) 023-00-01;0;;https://yandex.ru/maps/org/avtoservis/1278425390/;4,6;73;Студенческая ул., 105, Энгельс;
94fbc5df-2754-4ad4-b1e6-d1a0d3cdea5a;yandex;Заря;+7 (908) 546-17-17;0;;https://yandex.ru/maps/org/zarya/229867316331/;4,8;392;Студенческая ул., 145, Энгельс;
f33b529a-c18f-450a-ad55-fa9a0db79ccb;yandex;Мастер - сервис;+7 (964) 846-89-42;0;;https://yandex.ru/maps/org/master_servis/53546300982/;4,9;61;ул. имени С.Т. Разина, 3А, Саратов;
45e91c52-3b41-413c-894b-830a58529c70;yandex;Среда;+7 (8452) 65-00-33;0;;https://yandex.ru/maps/org/sreda/233711919000/;4,6;219;Вольская ул., 177, Саратов;
926fd5e1-04b3-48c3-a180-14ee2e749851;yandex;СТО;+7 (8452) 44-82-04;0;;https://yandex.ru/maps/org/sto/1584853066/;3,9;17;ул. Танкистов, 55, Саратов;
7d472049-baaf-4045-be81-0c5e84152195;yandex;Авто Дом;+7 (927) 163-57-77;0;;https://yandex.ru/maps/org/avto_dom/21956208531/;4,9;786;Степная ул., 122, Энгельс;
